product_name,is_standard_number,standard_title,mandatory_or_voluntary,scheme_type,qco_reference,source_url,penalty_clause
LED Lamps for General Lighting Services,IS 16102:2012,LED Lamps for General Lighting Services,Mandatory,CRS (Compulsory Registration Scheme),"MoC Electronics & IT Goods (Requirement for Compulsory Registration) Order, 2012",https://www.bis.gov.in/product-certification/products-under-compulsory-certification/,Imprisonment up to 2 years or fine or both under BIS Act 2016 Sec 29(3)
LED Luminaires for Outdoor Lighting,IS 10322:2012,Luminaires – Safety Requirements,Mandatory,CRS (Compulsory Registration Scheme),MoC Electronics QCO,https://www.bis.gov.in/product-certification/products-under-compulsory-certification/,Fine under BIS Act 2016
Self-Ballasted LED Lamps,IS 16102,Self-Ballasted LED Lamps for General Lighting Services,Mandatory,CRS (Compulsory Registration Scheme),Electronics and IT Goods CRS Order,https://www.bis.gov.in/product-certification/compulsory-registration-scheme/,Fine or imprisonment under BIS Act 2016
Ceiling Fans,IS 374:2019,Ceiling Type Fans – Specification,Mandatory,ISI Mark (Scheme I),Ministry of Power QCO for Ceiling Fans,https://www.bis.gov.in/product-certification/products-under-compulsory-certification/,Fine or imprisonment under BIS Act 2016
Toys (non-electronic),IS 9873:2017,Safety of Toys,Mandatory,ISI Mark (Scheme I),DPIIT Quality Control Order for Toys 2020,https://www.bis.gov.in/product-certification/products-under-compulsory-certification/,Imprisonment up to 2 years or fine under BIS Act 2016
Electronic Toys,IS 15644:2006,Safety of Toys – Electronic Toys,Mandatory,ISI Mark (Scheme I),DPIIT QCO for Toys 2020,https://www.bis.gov.in/product-certification/products-under-compulsory-certification/,Fine or imprisonment under BIS Act 2016
Footwear – Leather Safety Footwear,IS 15298:2016,Safety Footwear,Mandatory,ISI Mark (Scheme I),Ministry of Commerce & Industry QCO for Footwear,https://www.bis.gov.in/product-certification/products-under-compulsory-certification/,Fine under BIS Act 2016
Rubber Footwear (Canvas & Rubber Shoes),IS 5557:2004,All Rubber Gumboots and Half Boots for Workmen,Mandatory,ISI Mark (Scheme I),MoCI QCO for Footwear,https://www.bis.gov.in/product-certification/products-under-compulsory-certification/,Fine under BIS Act 2016
Ordinary Portland Cement,IS 269:2015,Ordinary Portland Cement – Specification,Mandatory,ISI Mark (Scheme I),Ministry of Commerce QCO for Cement,https://www.bis.gov.in/product-certification/products-under-compulsory-certification/,Imprisonment or fine under BIS Act 2016
Portland Pozzolana Cement (Fly Ash Based),IS 1489:2015,Portland Pozzolana Cement – Specification,Mandatory,ISI Mark (Scheme I),Ministry of Commerce QCO for Cement,https://www.bis.gov.in/product-certification/products-under-compulsory-certification/,Fine or imprisonment under BIS Act 2016
Portland Slag Cement,IS 455:2015,Portland Slag Cement – Specification,Mandatory,ISI Mark (Scheme I),Ministry of Commerce QCO for Cement,https://www.bis.gov.in/product-certification/products-under-compulsory-certification/,Fine or imprisonment under BIS Act 2016
Rapid Hardening Portland Cement,IS 8041:2021,Rapid Hardening Portland Cement – Specification,Mandatory,ISI Mark (Scheme I),Ministry of Commerce QCO for Cement,https://www.bis.gov.in/product-certification/products-under-compulsory-certification/,Fine under BIS Act 2016
Electric Water Heaters (Geysers),IS 2082:2000,Electric Immersion Water Heaters – Safety Requirements,Mandatory,ISI Mark (Scheme I),BIS QCO for Electrical Appliances,https://www.bis.gov.in/product-certification/products-under-compulsory-certification/,Fine or imprisonment under BIS Act 2016
Electric Domestic Appliances – Safety,IS 302:2008,Safety of Household and Similar Electrical Appliances,Mandatory,ISI Mark (Scheme I),Ministry of Power QCO for Electrical Appliances,https://www.bis.gov.in/product-certification/products-under-compulsory-certification/,Imprisonment up to 2 years or fine under BIS Act 2016
Refrigerators / Domestic Refrigerating Appliances,IS 1476:2018,Household Refrigerating Appliances – Refrigerators and Food Freezers,Mandatory,ISI Mark (Scheme I),Ministry of Power QCO for Appliances,https://www.bis.gov.in/product-certification/products-under-compulsory-certification/,Fine under BIS Act 2016
Room Air Conditioners,IS 1391:2018,Room Air Conditioners – Split and Multi Split Type,Mandatory,ISI Mark (Scheme I),Ministry of Power QCO for Air Conditioners,https://www.bis.gov.in/product-certification/products-under-compulsory-certification/,Fine or imprisonment under BIS Act 2016
Induction Cooktops,IS 302-2-6:2009,Safety of Household Appliances – Particular Requirements for Cooking Ranges,Mandatory,ISI Mark (Scheme I),Ministry of Power QCO for Electrical Appliances,https://www.bis.gov.in/product-certification/products-under-compulsory-certification/,Fine under BIS Act 2016
Microwave Ovens,IS 302-2-25:2009,Safety of Household Appliances – Microwave Ovens,Mandatory,ISI Mark (Scheme I),Ministry of Power QCO for Electrical Appliances,https://www.bis.gov.in/product-certification/products-under-compulsory-certification/,Fine under BIS Act 2016
Washing Machines (Household),IS 302-2-7:2009,Safety of Household Appliances – Washing Machines,Mandatory,ISI Mark (Scheme I),Ministry of Power QCO for Electrical Appliances,https://www.bis.gov.in/product-certification/products-under-compulsory-certification/,Fine under BIS Act 2016
Electric Irons (Dry and Steam),IS 302-2-3:2009,Safety of Household Appliances – Electric Irons,Mandatory,ISI Mark (Scheme I),Ministry of Power QCO for Electrical Appliances,https://www.bis.gov.in/product-certification/products-under-compulsory-certification/,Fine under BIS Act 2016
Mixer Grinders (Household),IS 302-2-14:2010,Safety of Household Appliances – Food Processors,Mandatory,ISI Mark (Scheme I),Ministry of Power QCO for Electrical Appliances,https://www.bis.gov.in/product-certification/products-under-compulsory-certification/,Fine under BIS Act 2016
PVC Insulated Cables for Electrical Installations,IS 694:2010,PVC Insulated Cables for Electrical Installations,Mandatory,ISI Mark (Scheme I),Ministry of Power QCO for Cables,https://www.bis.gov.in/product-certification/products-under-compulsory-certification/,Fine or imprisonment under BIS Act 2016
Flexible Cables and Cords for Domestic Appliances,IS 9968:2002,Elastomer Insulated Cables,Mandatory,ISI Mark (Scheme I),Ministry of Power QCO for Wires and Cables,https://www.bis.gov.in/product-certification/products-under-compulsory-certification/,Fine under BIS Act 2016
XLPE Insulated Cables,IS 7098:2011,Cross-Linked Polyethylene Insulated Cables,Mandatory,ISI Mark (Scheme I),Ministry of Power QCO for Cables,https://www.bis.gov.in/product-certification/products-under-compulsory-certification/,Fine or imprisonment under BIS Act 2016
Plugs and Socket-Outlets for Domestic Use,IS 1293:2019,Plugs and Socket-Outlets of Rated Voltage up to 250V,Mandatory,ISI Mark (Scheme I),Ministry of Power QCO for Electrical Fittings,https://www.bis.gov.in/product-certification/products-under-compulsory-certification/,Fine or imprisonment under BIS Act 2016
Switches for Domestic and Similar Fixed Electrical Installations,IS 3854:1997,Switches for Domestic and Similar Fixed Electrical Installations,Mandatory,ISI Mark (Scheme I),Ministry of Power QCO for Electrical Fittings,https://www.bis.gov.in/product-certification/products-under-compulsory-certification/,Fine under BIS Act 2016
MCBs (Miniature Circuit Breakers),IS 8828:2007,Miniature Circuit Breakers for Household Use,Mandatory,ISI Mark (Scheme I),Ministry of Power QCO for Circuit Breakers,https://www.bis.gov.in/product-certification/products-under-compulsory-certification/,Fine or imprisonment under BIS Act 2016
TMT Bars / Fe 415 Steel Bars for Concrete Reinforcement,IS 1786:2008,High Strength Deformed Steel Bars for Concrete Reinforcement,Mandatory,ISI Mark (Scheme I),Ministry of Steel QCO for TMT Bars,https://www.bis.gov.in/product-certification/products-under-compulsory-certification/,Fine or imprisonment under BIS Act 2016
Galvanized Steel Tubes,IS 1239:2004,"Mild Steel Tubes, Tubulars and Other Wrought Steel Fittings",Mandatory,ISI Mark (Scheme I),Ministry of Steel QCO for Pipes & Tubes,https://www.bis.gov.in/product-certification/products-under-compulsory-certification/,Fine under BIS Act 2016
Stainless Steel Cookware,IS 14756:2000,Stainless Steel Kitchen and Catering Utensils,Mandatory,ISI Mark (Scheme I),Ministry of Steel QCO for Cookware,https://www.bis.gov.in/product-certification/products-under-compulsory-certification/,Fine under BIS Act 2016
Protective Helmets for Two-Wheeler Riders,IS 4151:2015,Protective Helmets for Motor-Cycle Riders,Mandatory,ISI Mark (Scheme I),Ministry of Road Transport QCO for Helmets,https://www.bis.gov.in/product-certification/products-under-compulsory-certification/,Fine or imprisonment under BIS Act 2016
Industrial Safety Helmets,IS 2925:1984,Industrial Safety Helmets,Mandatory,ISI Mark (Scheme I),Ministry of Labour QCO for Safety Equipment,https://www.bis.gov.in/product-certification/products-under-compulsory-certification/,Fine under BIS Act 2016
LPG Cylinders (Domestic),IS 3196:2013,Welded Low Carbon Steel Cylinders for LPG,Mandatory,ISI Mark (Scheme I),Ministry of Petroleum QCO for LPG Cylinders,https://www.bis.gov.in/product-certification/products-under-compulsory-certification/,Fine or imprisonment under BIS Act 2016
LPG Regulators,IS 8737:2018,Regulators for Use with LPG,Mandatory,ISI Mark (Scheme I),Ministry of Petroleum QCO for LPG Equipment,https://www.bis.gov.in/product-certification/products-under-compulsory-certification/,Fine under BIS Act 2016
LPG Domestic Pressure Regulators Hose,IS 9573:2014,Rubber Hose Assemblies for Use with LPG,Mandatory,ISI Mark (Scheme I),Ministry of Petroleum QCO for LPG Equipment,https://www.bis.gov.in/product-certification/products-under-compulsory-certification/,Fine under BIS Act 2016
Gold Jewellery and Artefacts,IS 1417:2016,"Gold and Gold Alloys, Jewellery/Artefacts – Fineness and Marking",Mandatory,Hallmarking Scheme,Mandatory Hallmarking Order 2021 (BIS Hallmarking Regulation 2018),https://www.bis.gov.in/hallmarking-overview/hallmarking-faqs/hallmarking-faq/?lang=en,Imprisonment up to 1 year or fine up to Rs 5 lakh or both under BIS Act 2016
Silver Jewellery and Artefacts,IS 2112:2014,"Silver and Silver Alloys, Jewellery/Artefacts – Fineness and Marking",Mandatory,Hallmarking Scheme,BIS Hallmarking Regulation 2018,https://www.bis.gov.in/hallmarking-overview/,Fine or imprisonment under BIS Act 2016
Platinum Jewellery and Artefacts,IS 17511:2021,"Platinum and Platinum Alloys, Jewellery/Artefacts – Fineness and Marking",Voluntary,Hallmarking Scheme,BIS Hallmarking for Platinum,https://www.bis.gov.in/hallmarking-overview/,Not applicable (voluntary)
Mobile Phones and Smartphones,IS 13252:2010,Information Technology Equipment – Safety,Mandatory,CRS (Compulsory Registration Scheme),MoC Electronics & IT Goods CRS Order 2012,https://www.bis.gov.in/product-certification/compulsory-registration-scheme/,Imprisonment up to 2 years or fine under BIS Act 2016
Laptops and Notebook Computers,IS 13252:2010,Information Technology Equipment – Safety,Mandatory,CRS (Compulsory Registration Scheme),MoC Electronics & IT Goods CRS Order 2012,https://www.bis.gov.in/product-certification/compulsory-registration-scheme/,Imprisonment up to 2 years or fine under BIS Act 2016
LED Television Sets,IS 616:2010,"Safety of Audio, Video and Information Technology Equipment",Mandatory,CRS (Compulsory Registration Scheme),MoC Electronics & IT Goods CRS Order 2012,https://www.bis.gov.in/product-certification/compulsory-registration-scheme/,Imprisonment up to 2 years or fine under BIS Act 2016
Power Banks (Portable Battery Chargers),IS 16093:2014,Portable Storage Battery – Secondary Lithium Cells and Batteries,Mandatory,CRS (Compulsory Registration Scheme),MoC Electronics CRS Order,https://www.bis.gov.in/product-certification/compulsory-registration-scheme/,Fine or imprisonment under BIS Act 2016
Battery Chargers and Adapters,IS 13252:2010,Information Technology Equipment – Safety,Mandatory,CRS (Compulsory Registration Scheme),MoC Electronics CRS Order,https://www.bis.gov.in/product-certification/compulsory-registration-scheme/,Fine or imprisonment under BIS Act 2016
Set-Top Boxes (DTH / Cable),IS 616:2010,"Safety of Audio, Video and Information Technology Equipment",Mandatory,CRS (Compulsory Registration Scheme),MoC Electronics CRS Order 2012,https://www.bis.gov.in/product-certification/compulsory-registration-scheme/,Fine under BIS Act 2016
Domestic Pressure Cookers,IS 2347:2017,Domestic Pressure Cookers – Specification,Mandatory,ISI Mark (Scheme I),Ministry of Consumer Affairs QCO for Pressure Cookers,https://www.bis.gov.in/product-certification/products-under-compulsory-certification/,Fine or imprisonment under BIS Act 2016
Drinking Water Storage Tanks (Polyethylene),IS 12701:2019,HDPE Water Storage Tank – Specification,Mandatory,ISI Mark (Scheme I),Ministry of Jal Shakti QCO for Water Tanks,https://www.bis.gov.in/product-certification/products-under-compulsory-certification/,Fine under BIS Act 2016
PVC Pipes for Portable Water Supply,IS 4985:2000,Unplasticized PVC Pipes for Potable Water Supplies,Mandatory,ISI Mark (Scheme I),Ministry of Jal Shakti QCO for Pipes,https://www.bis.gov.in/product-certification/products-under-compulsory-certification/,Fine under BIS Act 2016
CPVC Pipes and Fittings,IS 15778:2007,CPVC Pipes – Specification,Mandatory,ISI Mark (Scheme I),Ministry of Jal Shakti QCO for Pipes,https://www.bis.gov.in/product-certification/products-under-compulsory-certification/,Fine under BIS Act 2016
Water Meters,IS 779:1994,Water Meters (Domestic Type) – Specification,Mandatory,ISI Mark (Scheme I),Ministry of Jal Shakti QCO,https://www.bis.gov.in/product-certification/products-under-compulsory-certification/,Fine under BIS Act 2016
Automotive Safety Glass,IS 2553:2018,Safety Glass – Specification,Mandatory,ISI Mark (Scheme I),Ministry of Road Transport QCO for Automotive Parts,https://www.bis.gov.in/product-certification/products-under-compulsory-certification/,Fine under BIS Act 2016
Automotive Tyres,IS 15627:2019,Pneumatic Tyres for Motor Cycles,Mandatory,ISI Mark (Scheme I),Ministry of Road Transport QCO for Tyres,https://www.bis.gov.in/product-certification/products-under-compulsory-certification/,Fine or imprisonment under BIS Act 2016
Seat Belts for Motor Vehicles,IS 2112:2016,Seat Belts – Safety Requirements,Mandatory,ISI Mark (Scheme I),Ministry of Road Transport QCO for Vehicle Safety,https://www.bis.gov.in/product-certification/products-under-compulsory-certification/,Fine under BIS Act 2016
Packaged Drinking Water (Mineral Water),IS 14543:2016,Packaged Drinking Water (other than Packaged Natural Mineral Water),Mandatory,ISI Mark (Scheme I),FSSAI-linked BIS QCO for Packaged Water,https://www.bis.gov.in/product-certification/products-under-compulsory-certification/,Fine or imprisonment under BIS Act 2016 and Food Safety Act
Packaged Natural Mineral Water,IS 13428:2005,Packaged Natural Mineral Water – Specification,Mandatory,ISI Mark (Scheme I),BIS QCO for Mineral Water,https://www.bis.gov.in/product-certification/products-under-compulsory-certification/,Fine under BIS Act 2016
Milk (Pasteurized and Standardized),IS 1479:2006,Methods of Test for Dairy Industry,Mandatory,ISI Mark (Scheme I),Ministry of Food Processing QCO for Dairy,https://www.bis.gov.in/product-certification/products-under-compulsory-certification/,Fine under BIS Act 2016
Vitrified Tiles / Ceramic Floor Tiles,IS 15622:2021,Ceramic and Vitrified Tiles – Specification,Mandatory,ISI Mark (Scheme I),Ministry of Commerce QCO for Tiles,https://www.bis.gov.in/product-certification/products-under-compulsory-certification/,Fine under BIS Act 2016
"Sanitary Fittings (WC Pans, Cisterns, Wash Basins)",IS 2556:2019,Vitreous Sanitary Appliances – General Requirements,Mandatory,ISI Mark (Scheme I),Ministry of Commerce QCO for Sanitary Fittings,https://www.bis.gov.in/product-certification/products-under-compulsory-certification/,Fine under BIS Act 2016
Paints (Interior Emulsion / Exterior Paints),IS 15489:2018,Synthetic Emulsion Paints – Specification,Mandatory,ISI Mark (Scheme I),Ministry of Chemicals QCO for Paints,https://www.bis.gov.in/product-certification/products-under-compulsory-certification/,Fine under BIS Act 2016
Urea Fertilizer,IS 2595:2021,Urea Fertilizer – Specification,Mandatory,ISI Mark (Scheme I),Ministry of Chemicals & Fertilizers QCO,https://www.bis.gov.in/product-certification/products-under-compulsory-certification/,Fine under BIS Act 2016
Portable Fire Extinguishers,IS 2171:2014,Portable Fire Extinguishers – Dry Powder Type,Mandatory,ISI Mark (Scheme I),Ministry of Home Affairs QCO for Fire Safety Equipment,https://www.bis.gov.in/product-certification/products-under-compulsory-certification/,Fine or imprisonment under BIS Act 2016
[image],IS 19497,,Mandatory,ISI Mark (Scheme I),LED Lights and Fixtures QCO 2023,https://www.bis.gov.in/wp-content/uploads/2023/01/LED-Lights-and-Fixtures-QCO-2023.pdf,
(डेप्युटेशन)][image],IS 17440,,Mandatory,ISI Mark (Scheme I),LED Lights and Fixtures QCO 2023,https://www.bis.gov.in/wp-content/uploads/2023/01/LED-Lights-and-Fixtures-QCO-2023.pdf,
लाइसेंस प्रदान करना।[image],IS 6307,,Mandatory,ISI Mark (Scheme I),LED Lights and Fixtures QCO 2023,https://www.bis.gov.in/wp-content/uploads/2023/01/LED-Lights-and-Fixtures-QCO-2023.pdf,
लाइसेंस जारी करना।[image],IS 1867,,Mandatory,ISI Mark (Scheme I),LED Lights and Fixtures QCO 2023,https://www.bis.gov.in/wp-content/uploads/2023/01/LED-Lights-and-Fixtures-QCO-2023.pdf,
•  Grant of All India First Licence for “Cylinder Cartridges for,IS 18841,,Mandatory,ISI Mark (Scheme I),LED Lights and Fixtures QCO 2023,https://www.bis.gov.in/wp-content/uploads/2023/01/LED-Lights-and-Fixtures-QCO-2023.pdf,
Next Prev,IS 19497,,Mandatory,ISI Mark (Scheme I),LED Lights and Fixtures QCO 2023,https://www.bis.gov.in/wp-content/uploads/2023/01/LED-Lights-and-Fixtures-QCO-2023.pdf,
‭Product/Title‬,IS 15410,,Mandatory,ISI Mark (Scheme I),List of Products Under Simplified Procedure,https://www.bis.gov.in/wp-content/uploads/2024/11/List-of-Products-Under-Simplified-Procedure.pdf,
‭Containers for Packaging of Natural Mineral Water and Packaged Drinking Water‬,IS 13334 (Part 1),,Mandatory,ISI Mark (Scheme I),List of Products Under Simplified Procedure,https://www.bis.gov.in/wp-content/uploads/2024/11/List-of-Products-Under-Simplified-Procedure.pdf,
‭Skimmed Milk Powder Part 1 : Standard Grade‬,IS 1165,,Mandatory,ISI Mark (Scheme I),List of Products Under Simplified Procedure,https://www.bis.gov.in/wp-content/uploads/2024/11/List-of-Products-Under-Simplified-Procedure.pdf,
‭Milk Powder‬,IS 9537 (Part 3),,Mandatory,ISI Mark (Scheme I),List of Products Under Simplified Procedure,https://www.bis.gov.in/wp-content/uploads/2024/11/List-of-Products-Under-Simplified-Procedure.pdf,
‭Conduits for electrical installations: Part 3 Rigid plain conduits of insulating materials‬,IS 694,,Mandatory,ISI Mark (Scheme I),List of Products Under Simplified Procedure,https://www.bis.gov.in/wp-content/uploads/2024/11/List-of-Products-Under-Simplified-Procedure.pdf,
‭flexible conductor for rated voltages upto and including 1100 V‬,IS 1166,,Mandatory,ISI Mark (Scheme I),List of Products Under Simplified Procedure,https://www.bis.gov.in/wp-content/uploads/2024/11/List-of-Products-Under-Simplified-Procedure.pdf,
"‭Condensed Milk, Partly Skimmed And Skimmed Condensed Milk‬",IS 12701,,Mandatory,ISI Mark (Scheme I),List of Products Under Simplified Procedure,https://www.bis.gov.in/wp-content/uploads/2024/11/List-of-Products-Under-Simplified-Procedure.pdf,
‭Rotational Moulded Polyethylene Water Storage Tanks‬,IS 14333,,Mandatory,ISI Mark (Scheme I),List of Products Under Simplified Procedure,https://www.bis.gov.in/wp-content/uploads/2024/11/List-of-Products-Under-Simplified-Procedure.pdf,
‭High Density Polyethylene Pipe For Sewerage‬,IS 14887,,Mandatory,ISI Mark (Scheme I),List of Products Under Simplified Procedure,https://www.bis.gov.in/wp-content/uploads/2024/11/List-of-Products-Under-Simplified-Procedure.pdf,
‭Packing 50 kg/25 kg Foodgrains‬,IS 398 (Part 2),,Mandatory,ISI Mark (Scheme I),List of Products Under Simplified Procedure,https://www.bis.gov.in/wp-content/uploads/2024/11/List-of-Products-Under-Simplified-Procedure.pdf,
"‭Conductors, Galvanized Steel Reinforced‬",IS 12818,,Mandatory,ISI Mark (Scheme I),List of Products Under Simplified Procedure,https://www.bis.gov.in/wp-content/uploads/2024/11/List-of-Products-Under-Simplified-Procedure.pdf,
‭Unplasticized Polyvinyl Chloride (pvc-u)screen and Casing Pipes For Bore/tubewell‬,IS 13592,,Mandatory,ISI Mark (Scheme I),List of Products Under Simplified Procedure,https://www.bis.gov.in/wp-content/uploads/2024/11/List-of-Products-Under-Simplified-Procedure.pdf,
‭Inside And Outside Buildings Including Ventilation and Rainwater System‬,IS 1011,,Mandatory,ISI Mark (Scheme I),List of Products Under Simplified Procedure,https://www.bis.gov.in/wp-content/uploads/2024/11/List-of-Products-Under-Simplified-Procedure.pdf,
‭Biscuits‬,IS 303,,Mandatory,ISI Mark (Scheme I),List of Products Under Simplified Procedure,https://www.bis.gov.in/wp-content/uploads/2024/11/List-of-Products-Under-Simplified-Procedure.pdf,
‭Plywood For General Purposes‬,IS 432 (Part 2),,Mandatory,ISI Mark (Scheme I),List of Products Under Simplified Procedure,https://www.bis.gov.in/wp-content/uploads/2024/11/List-of-Products-Under-Simplified-Procedure.pdf,
‭Reinforcement Part 2 Hard-drawn Steel Wire‬,IS 7098 (Part 1),,Mandatory,ISI Mark (Scheme I),List of Products Under Simplified Procedure,https://www.bis.gov.in/wp-content/uploads/2024/11/List-of-Products-Under-Simplified-Procedure.pdf,fine
‭upto and Including 1 100 V‬,IS 7224,,Mandatory,ISI Mark (Scheme I),List of Products Under Simplified Procedure,https://www.bis.gov.in/wp-content/uploads/2024/11/List-of-Products-Under-Simplified-Procedure.pdf,fine
"‭Iodized Salt, Vacuum Evaporated Iodized Salt And Refined Iodized Salt‬",IS 4984,,Mandatory,ISI Mark (Scheme I),List of Products Under Simplified Procedure,https://www.bis.gov.in/wp-content/uploads/2024/11/List-of-Products-Under-Simplified-Procedure.pdf,fine
‭High Density Polyethylene Pipes For Potable Water Supplies‬,IS 12786,,Mandatory,ISI Mark (Scheme I),List of Products Under Simplified Procedure,https://www.bis.gov.in/wp-content/uploads/2024/11/List-of-Products-Under-Simplified-Procedure.pdf,fine
‭Irrigation Equipment - Polyethylene Pipes For Irrigation Laterals‬,IS 13334 (Part 2),,Mandatory,ISI Mark (Scheme I),List of Products Under Simplified Procedure,https://www.bis.gov.in/wp-content/uploads/2024/11/List-of-Products-Under-Simplified-Procedure.pdf,
‭Skimmed Milk Powder Part 2 Extra Grade‬,IS 398 (Part 1),,Mandatory,ISI Mark (Scheme I),List of Products Under Simplified Procedure,https://www.bis.gov.in/wp-content/uploads/2024/11/List-of-Products-Under-Simplified-Procedure.pdf,
‭Stranded Conductors‬,IS 432 (Part 1),,Mandatory,ISI Mark (Scheme I),List of Products Under Simplified Procedure,https://www.bis.gov.in/wp-content/uploads/2024/11/List-of-Products-Under-Simplified-Procedure.pdf,
‭Reinforcement Part 1 Mild Steel And Medium Tensile Steel Bars‬,IS 710,,Mandatory,ISI Mark (Scheme I),List of Products Under Simplified Procedure,https://www.bis.gov.in/wp-content/uploads/2024/11/List-of-Products-Under-Simplified-Procedure.pdf,
‭Marine Plywood‬,IS 1328,,Mandatory,ISI Mark (Scheme I),List of Products Under Simplified Procedure,https://www.bis.gov.in/wp-content/uploads/2024/11/List-of-Products-Under-Simplified-Procedure.pdf,
‭Veneered Decorative Plywood‬,IS 1659,,Mandatory,ISI Mark (Scheme I),List of Products Under Simplified Procedure,https://www.bis.gov.in/wp-content/uploads/2024/11/List-of-Products-Under-Simplified-Procedure.pdf,
‭Block Boards‬,IS 398 (Part 4),,Mandatory,ISI Mark (Scheme I),List of Products Under Simplified Procedure,https://www.bis.gov.in/wp-content/uploads/2024/11/List-of-Products-Under-Simplified-Procedure.pdf,
‭Stranded Conductors (aluminium Magnesium Silicon Type)‬,IS 16208,,Mandatory,ISI Mark (Scheme I),List of Products Under Simplified Procedure,https://www.bis.gov.in/wp-content/uploads/2024/11/List-of-Products-Under-Simplified-Procedure.pdf,
"‭Packaging 10 kg, 15 kg, 20 kg, 25 kg and 30 kg foodgrains‬",IS 10124 (Part 1),,Mandatory,ISI Mark (Scheme I),List of Products Under Simplified Procedure,https://www.bis.gov.in/wp-content/uploads/2024/11/List-of-Products-Under-Simplified-Procedure.pdf,
‭Fabricated PVC-u fittings for potable water supplies Part 1 General requirements‬,IS 1293,,Mandatory,ISI Mark (Scheme I),List of Products Under Simplified Procedure,https://www.bis.gov.in/wp-content/uploads/2024/11/List-of-Products-Under-Simplified-Procedure.pdf,
‭Current upto and Including 16 Amperes‬,IS 1554 (Part 1),,Mandatory,ISI Mark (Scheme I),List of Products Under Simplified Procedure,https://www.bis.gov.in/wp-content/uploads/2024/11/List-of-Products-Under-Simplified-Procedure.pdf,
‭including 1100 V‬,IS 4250,,Mandatory,ISI Mark (Scheme I),List of Products Under Simplified Procedure,https://www.bis.gov.in/wp-content/uploads/2024/11/List-of-Products-Under-Simplified-Procedure.pdf,
[Page 3],IS 8978,,Mandatory,ISI Mark (Scheme I),List of Products Under Simplified Procedure,https://www.bis.gov.in/wp-content/uploads/2024/11/List-of-Products-Under-Simplified-Procedure.pdf,
‭Electric Instantaneous Water Heaters‬,IS 10124 (Part 2),,Mandatory,ISI Mark (Scheme I),List of Products Under Simplified Procedure,https://www.bis.gov.in/wp-content/uploads/2024/11/List-of-Products-Under-Simplified-Procedure.pdf,
‭Fabricated PVC-u fittings for potable water supplies Part 2 Requirements for sockets‬,IS 14542,,Mandatory,ISI Mark (Scheme I),List of Products Under Simplified Procedure,https://www.bis.gov.in/wp-content/uploads/2024/11/List-of-Products-Under-Simplified-Procedure.pdf,
‭Partly Skimmed Milk Powder‬,IS 2082,,Mandatory,ISI Mark (Scheme I),List of Products Under Simplified Procedure,https://www.bis.gov.in/wp-content/uploads/2024/11/List-of-Products-Under-Simplified-Procedure.pdf,
‭Stationary Storage Type Electric Water Heaters‬,IS 14151 (Part 1),,Mandatory,ISI Mark (Scheme I),List of Products Under Simplified Procedure,https://www.bis.gov.in/wp-content/uploads/2024/11/List-of-Products-Under-Simplified-Procedure.pdf,
‭Irrigation Equipment - Sprinkler Pipes Part 1 Polyethylene Pipes‬,IS 14968,,Mandatory,ISI Mark (Scheme I),List of Products Under Simplified Procedure,https://www.bis.gov.in/wp-content/uploads/2024/11/List-of-Products-Under-Simplified-Procedure.pdf,
‭Packing 50 Kg/25 Kg Sugar‬,IS 1161,,Mandatory,ISI Mark (Scheme I),List of Products Under Simplified Procedure,https://www.bis.gov.in/wp-content/uploads/2024/11/List-of-Products-Under-Simplified-Procedure.pdf,
‭Steel Tubes For Structural Purposes‬,IS 366,,Mandatory,ISI Mark (Scheme I),List of Products Under Simplified Procedure,https://www.bis.gov.in/wp-content/uploads/2024/11/List-of-Products-Under-Simplified-Procedure.pdf,
‭Electric Irons‬,IS 368,,Mandatory,ISI Mark (Scheme I),List of Products Under Simplified Procedure,https://www.bis.gov.in/wp-content/uploads/2024/11/List-of-Products-Under-Simplified-Procedure.pdf,
‭Electric Immersion Water Heaters‬,IS 3854,,Mandatory,ISI Mark (Scheme I),List of Products Under Simplified Procedure,https://www.bis.gov.in/wp-content/uploads/2024/11/List-of-Products-Under-Simplified-Procedure.pdf,
‭Switches For Domestic And Similar Purposes‬,IS 1786,,Mandatory,ISI Mark (Scheme I),List of Products Under Simplified Procedure,https://www.bis.gov.in/wp-content/uploads/2024/11/List-of-Products-Under-Simplified-Procedure.pdf,
‭High Strength Deformed Steel Bars And Wires For Concrete Reinforcement-‬,IS 10748,,Mandatory,ISI Mark (Scheme I),List of Products Under Simplified Procedure,https://www.bis.gov.in/wp-content/uploads/2024/11/List-of-Products-Under-Simplified-Procedure.pdf,
‭Hot-rolled Steel Strip For Welded Tubes And Pipes‬,IS 15658,,Mandatory,ISI Mark (Scheme I),List of Products Under Simplified Procedure,https://www.bis.gov.in/wp-content/uploads/2024/11/List-of-Products-Under-Simplified-Procedure.pdf,
‭Precast Concrete Blocks For Paving -‬,IS 2202 (Part 1),,Mandatory,ISI Mark (Scheme I),List of Products Under Simplified Procedure,https://www.bis.gov.in/wp-content/uploads/2024/11/List-of-Products-Under-Simplified-Procedure.pdf,
‭Wooden Flush Door Shutters (solid Core Type): Part 1 Plywood Face Panels‬,IS 277,,Mandatory,ISI Mark (Scheme I),List of Products Under Simplified Procedure,https://www.bis.gov.in/wp-content/uploads/2024/11/List-of-Products-Under-Simplified-Procedure.pdf,
‭Galvanized Steel Strips And Sheets (plain And Corrugated)‬,IS 4990,,Mandatory,ISI Mark (Scheme I),List of Products Under Simplified Procedure,https://www.bis.gov.in/wp-content/uploads/2024/11/List-of-Products-Under-Simplified-Procedure.pdf,
‭Plywood For Concrete Shuttering Work‬,IS 14255,,Mandatory,ISI Mark (Scheme I),List of Products Under Simplified Procedure,https://www.bis.gov.in/wp-content/uploads/2024/11/List-of-Products-Under-Simplified-Procedure.pdf,
‭Aerial Bunched Cables For Working Voltages upto and Including 1100 Volts‬,IS 2508,,Mandatory,ISI Mark (Scheme I),List of Products Under Simplified Procedure,https://www.bis.gov.in/wp-content/uploads/2024/11/List-of-Products-Under-Simplified-Procedure.pdf,
‭Polyethylene Films And Sheets‬,IS 4985,,Mandatory,ISI Mark (Scheme I),List of Products Under Simplified Procedure,https://www.bis.gov.in/wp-content/uploads/2024/11/List-of-Products-Under-Simplified-Procedure.pdf,
‭Unplasticized Pvc Pipes For Potable Water Supplies‬,IS 9755,,Mandatory,ISI Mark (Scheme I),List of Products Under Simplified Procedure,https://www.bis.gov.in/wp-content/uploads/2024/11/List-of-Products-Under-Simplified-Procedure.pdf,
‭Packing Fertilizers‬,IS 13487,,Mandatory,ISI Mark (Scheme I),List of Products Under Simplified Procedure,https://www.bis.gov.in/wp-content/uploads/2024/11/List-of-Products-Under-Simplified-Procedure.pdf,
‭Irrigation Equipment - Emitters‬,IS 14735,,Mandatory,ISI Mark (Scheme I),List of Products Under Simplified Procedure,https://www.bis.gov.in/wp-content/uploads/2024/11/List-of-Products-Under-Simplified-Procedure.pdf,
‭Water System‬,IS 280,,Mandatory,ISI Mark (Scheme I),List of Products Under Simplified Procedure,https://www.bis.gov.in/wp-content/uploads/2024/11/List-of-Products-Under-Simplified-Procedure.pdf,
‭Mild Steel Wire For General Engineering Purposes‬,IS 2830,,Mandatory,ISI Mark (Scheme I),List of Products Under Simplified Procedure,https://www.bis.gov.in/wp-content/uploads/2024/11/List-of-Products-Under-Simplified-Procedure.pdf,
‭General Structural Purposes‬,IS 302,,Mandatory,ISI Mark (Scheme I),List of Products Under Simplified Procedure,https://www.bis.gov.in/wp-content/uploads/2024/11/List-of-Products-Under-Simplified-Procedure.pdf,
‭Section 30 Room Heaters‬,IS 14433,,Mandatory,ISI Mark (Scheme I),List of Products Under Simplified Procedure,https://www.bis.gov.in/wp-content/uploads/2024/11/List-of-Products-Under-Simplified-Procedure.pdf,
‭Infant Milk Substitutes‬,IS 2831,,Mandatory,ISI Mark (Scheme I),List of Products Under Simplified Procedure,https://www.bis.gov.in/wp-content/uploads/2024/11/List-of-Products-Under-Simplified-Procedure.pdf,
‭Structural Steel (ordinary Quality)-‬,IS 7834 (Part 1),,Mandatory,ISI Mark (Scheme I),List of Products Under Simplified Procedure,https://www.bis.gov.in/wp-content/uploads/2024/11/List-of-Products-Under-Simplified-Procedure.pdf,
‭Part 1 General Requirements‬,IS 2062,,Mandatory,ISI Mark (Scheme I),List of Products Under Simplified Procedure,https://www.bis.gov.in/wp-content/uploads/2024/11/List-of-Products-Under-Simplified-Procedure.pdf,
‭Hot Rolled Medium And High Tensile Structural Steel‬,IS 253,,Mandatory,ISI Mark (Scheme I),List of Products Under Simplified Procedure,https://www.bis.gov.in/wp-content/uploads/2024/11/List-of-Products-Under-Simplified-Procedure.pdf,
‭Common Salt‬,IS 278,,Mandatory,ISI Mark (Scheme I),List of Products Under Simplified Procedure,https://www.bis.gov.in/wp-content/uploads/2024/11/List-of-Products-Under-Simplified-Procedure.pdf,
‭Galvanized Steel Barbed Wire For Fencing‬,IS 2785,,Mandatory,ISI Mark (Scheme I),List of Products Under Simplified Procedure,https://www.bis.gov.in/wp-content/uploads/2024/11/List-of-Products-Under-Simplified-Procedure.pdf,
"‭Natural cheese (hard variety), processed cheese, processed cheese spread and soft cheese‬",IS 369,,Mandatory,ISI Mark (Scheme I),List of Products Under Simplified Procedure,https://www.bis.gov.in/wp-content/uploads/2024/11/List-of-Products-Under-Simplified-Procedure.pdf,
‭Household Electric Direct Acting Room Heaters‬,IS 4923,,Mandatory,ISI Mark (Scheme I),List of Products Under Simplified Procedure,https://www.bis.gov.in/wp-content/uploads/2024/11/List-of-Products-Under-Simplified-Procedure.pdf,
‭Hollow Steel Sections For Structural Use‬,IS 1079,,Mandatory,ISI Mark (Scheme I),List of Products Under Simplified Procedure,https://www.bis.gov.in/wp-content/uploads/2024/11/List-of-Products-Under-Simplified-Procedure.pdf,
[Page 4],IS 11652,,Mandatory,ISI Mark (Scheme I),List of Products Under Simplified Procedure,https://www.bis.gov.in/wp-content/uploads/2024/11/List-of-Products-Under-Simplified-Procedure.pdf,
‭Packaging Of 50 Kg Cement‬,IS 7834 (Part 3),,Mandatory,ISI Mark (Scheme I),List of Products Under Simplified Procedure,https://www.bis.gov.in/wp-content/uploads/2024/11/List-of-Products-Under-Simplified-Procedure.pdf,
‭Part 3 Specific Requirements For 90 Degree Elbows‬,IS 1065 (Part 1),,Mandatory,ISI Mark (Scheme I),List of Products Under Simplified Procedure,https://www.bis.gov.in/wp-content/uploads/2024/11/List-of-Products-Under-Simplified-Procedure.pdf,
‭Stable Bleaching Powder Part 1 Household And Industrial Use‬,IS 302,,Mandatory,ISI Mark (Scheme I),List of Products Under Simplified Procedure,https://www.bis.gov.in/wp-content/uploads/2024/11/List-of-Products-Under-Simplified-Procedure.pdf,
‭Section 3 Electric Iron‬,IS 3087,,Mandatory,ISI Mark (Scheme I),List of Products Under Simplified Procedure,https://www.bis.gov.in/wp-content/uploads/2024/11/List-of-Products-Under-Simplified-Procedure.pdf,
‭General Purposes‬,IS 4159,,Mandatory,ISI Mark (Scheme I),List of Products Under Simplified Procedure,https://www.bis.gov.in/wp-content/uploads/2024/11/List-of-Products-Under-Simplified-Procedure.pdf,
‭Mineral Filled Sheathed Heating Elements‬,IS 4246,,Mandatory,ISI Mark (Scheme I),List of Products Under Simplified Procedure,https://www.bis.gov.in/wp-content/uploads/2024/11/List-of-Products-Under-Simplified-Procedure.pdf,
‭Domestic Gas Stoves For Use With Liquefied Petroleum Gases‬,IS 7887,,Mandatory,ISI Mark (Scheme I),List of Products Under Simplified Procedure,https://www.bis.gov.in/wp-content/uploads/2024/11/List-of-Products-Under-Simplified-Procedure.pdf,
‭Mild Steel Wire Rods For General Engineering Purposes‬,IS 13488,,Mandatory,ISI Mark (Scheme I),List of Products Under Simplified Procedure,https://www.bis.gov.in/wp-content/uploads/2024/11/List-of-Products-Under-Simplified-Procedure.pdf,
‭Irrigation Equipment -emitting Pipes System‬,IS 14252,,Mandatory,ISI Mark (Scheme I),List of Products Under Simplified Procedure,https://www.bis.gov.in/wp-content/uploads/2024/11/List-of-Products-Under-Simplified-Procedure.pdf,
‭Sand‬,IS 1656,,Mandatory,ISI Mark (Scheme I),List of Products Under Simplified Procedure,https://www.bis.gov.in/wp-content/uploads/2024/11/List-of-Products-Under-Simplified-Procedure.pdf,
‭Milk-cereal Based Complementary Foods‬,IS 3812 (Part 1),,Mandatory,ISI Mark (Scheme I),List of Products Under Simplified Procedure,https://www.bis.gov.in/wp-content/uploads/2024/11/List-of-Products-Under-Simplified-Procedure.pdf,
‭Concrete‬,IS 996,,Mandatory,ISI Mark (Scheme I),List of Products Under Simplified Procedure,https://www.bis.gov.in/wp-content/uploads/2024/11/List-of-Products-Under-Simplified-Procedure.pdf,
‭Single-phase A.c. Industrial Motors For General Purpose‬,IS 12299,,Mandatory,ISI Mark (Scheme I),List of Products Under Simplified Procedure,https://www.bis.gov.in/wp-content/uploads/2024/11/List-of-Products-Under-Simplified-Procedure.pdf,
‭Dairy Whitener‬,IS 302,,Mandatory,ISI Mark (Scheme I),List of Products Under Simplified Procedure,https://www.bis.gov.in/wp-content/uploads/2024/11/List-of-Products-Under-Simplified-Procedure.pdf,
‭Section 201 Electric Immersion Water Heater‬,IS 3975,,Mandatory,ISI Mark (Scheme I),List of Products Under Simplified Procedure,https://www.bis.gov.in/wp-content/uploads/2024/11/List-of-Products-Under-Simplified-Procedure.pdf,
"‭Mild Steel Wires, Formed Wires And Tapes For Armouring Of Cables‬",IS 9825,,Mandatory,ISI Mark (Scheme I),List of Products Under Simplified Procedure,https://www.bis.gov.in/wp-content/uploads/2024/11/List-of-Products-Under-Simplified-Procedure.pdf,
‭Chlorine Tablets‬,IS 1237,,Mandatory,ISI Mark (Scheme I),List of Products Under Simplified Procedure,https://www.bis.gov.in/wp-content/uploads/2024/11/List-of-Products-Under-Simplified-Procedure.pdf,
‭Cement Concrete Flooring Tiles‬,IS 12823,,Mandatory,ISI Mark (Scheme I),List of Products Under Simplified Procedure,https://www.bis.gov.in/wp-content/uploads/2024/11/List-of-Products-Under-Simplified-Procedure.pdf,
‭Wood Products - Prelaminated Particle Boards‬,IS 13779,,Mandatory,ISI Mark (Scheme I),List of Products Under Simplified Procedure,https://www.bis.gov.in/wp-content/uploads/2024/11/List-of-Products-Under-Simplified-Procedure.pdf,
"‭Ac Static Watthour Meters, Class 1 And 2‬",IS 15757,,Mandatory,ISI Mark (Scheme I),List of Products Under Simplified Procedure,https://www.bis.gov.in/wp-content/uploads/2024/11/List-of-Products-Under-Simplified-Procedure.pdf,
‭Follow-up Formula - Complementary Foods‬,IS 15778,,Mandatory,ISI Mark (Scheme I),List of Products Under Simplified Procedure,https://www.bis.gov.in/wp-content/uploads/2024/11/List-of-Products-Under-Simplified-Procedure.pdf,
‭Distribution Supplies‬,IS 15801,,Mandatory,ISI Mark (Scheme I),List of Products Under Simplified Procedure,https://www.bis.gov.in/wp-content/uploads/2024/11/List-of-Products-Under-Simplified-Procedure.pdf,
‭Polypropylene-random Copolymer Pipes for Hot and Cold Water Supplies‬,IS 2052,,Mandatory,ISI Mark (Scheme I),List of Products Under Simplified Procedure,https://www.bis.gov.in/wp-content/uploads/2024/11/List-of-Products-Under-Simplified-Procedure.pdf,
‭Compounded Feeds for cattle‬,IS 3601,,Mandatory,ISI Mark (Scheme I),List of Products Under Simplified Procedure,https://www.bis.gov.in/wp-content/uploads/2024/11/List-of-Products-Under-Simplified-Procedure.pdf,
‭Steel Tubes For Mechanical and General Engineering Purposes‬,IS 8034,,Mandatory,ISI Mark (Scheme I),List of Products Under Simplified Procedure,https://www.bis.gov.in/wp-content/uploads/2024/11/List-of-Products-Under-Simplified-Procedure.pdf,
‭Submersible Pumpsets‬,IS 15647,,Mandatory,ISI Mark (Scheme I),List of Products Under Simplified Procedure,https://www.bis.gov.in/wp-content/uploads/2024/11/List-of-Products-Under-Simplified-Procedure.pdf,
‭Hot Rolled Steel Narrow Width Strip for welded Tubes and pipes‬,IS 17423,,Mandatory,ISI Mark (Scheme I),List of Products Under Simplified Procedure,https://www.bis.gov.in/wp-content/uploads/2024/11/List-of-Products-Under-Simplified-Procedure.pdf,
‭Medical Textiles - Coveralls For Covid-19‬,IS 210,,Mandatory,ISI Mark (Scheme I),List of Products Under Simplified Procedure,https://www.bis.gov.in/wp-content/uploads/2024/11/List-of-Products-Under-Simplified-Procedure.pdf,
‭Grey Iron Castings‬,IS 4148,,Mandatory,ISI Mark (Scheme I),List of Products Under Simplified Procedure,https://www.bis.gov.in/wp-content/uploads/2024/11/List-of-Products-Under-Simplified-Procedure.pdf,
‭Surgical Rubber Gloves‬,IS 848,,Mandatory,ISI Mark (Scheme I),List of Products Under Simplified Procedure,https://www.bis.gov.in/wp-content/uploads/2024/11/List-of-Products-Under-Simplified-Procedure.pdf,
‭Synthetic Resin Adhesives for Plywood (phenolic and aminoplastic)‬,IS 12406,,Mandatory,ISI Mark (Scheme I),List of Products Under Simplified Procedure,https://www.bis.gov.in/wp-content/uploads/2024/11/List-of-Products-Under-Simplified-Procedure.pdf,
‭Medium Density Fibre Boards for General Purpose‬,IS 14151 (Part 2),,Mandatory,ISI Mark (Scheme I),List of Products Under Simplified Procedure,https://www.bis.gov.in/wp-content/uploads/2024/11/List-of-Products-Under-Simplified-Procedure.pdf,
‭fittings‬,IS 14625,,Mandatory,ISI Mark (Scheme I),List of Products Under Simplified Procedure,https://www.bis.gov.in/wp-content/uploads/2024/11/List-of-Products-Under-Simplified-Procedure.pdf,
[Page 5],IS 15328,,Mandatory,ISI Mark (Scheme I),List of Products Under Simplified Procedure,https://www.bis.gov.in/wp-content/uploads/2024/11/List-of-Products-Under-Simplified-Procedure.pdf,
‭Underground Drainage And Sewerage Systems‬,IS 374,,Mandatory,ISI Mark (Scheme I),List of Products Under Simplified Procedure,https://www.bis.gov.in/wp-content/uploads/2024/11/List-of-Products-Under-Simplified-Procedure.pdf,Fine
‭Electric Ceiling Type Fans‬,IS 383,,Mandatory,ISI Mark (Scheme I),List of Products Under Simplified Procedure,https://www.bis.gov.in/wp-content/uploads/2024/11/List-of-Products-Under-Simplified-Procedure.pdf,Fine
‭Coarse And Fine Aggregates From Natural Sources For Concrete‬,IS 1061,,Mandatory,ISI Mark (Scheme I),List of Products Under Simplified Procedure,https://www.bis.gov.in/wp-content/uploads/2024/11/List-of-Products-Under-Simplified-Procedure.pdf,Fine
"‭Disinfectant Fluids, Phenolic Type‬",IS 11513,,Mandatory,ISI Mark (Scheme I),List of Products Under Simplified Procedure,https://www.bis.gov.in/wp-content/uploads/2024/11/List-of-Products-Under-Simplified-Procedure.pdf,Fine
‭Hot-rolled Carbon Steel Strip For Cold Rolling Purposes‬,IS 1554 (Part 2),,Mandatory,ISI Mark (Scheme I),List of Products Under Simplified Procedure,https://www.bis.gov.in/wp-content/uploads/2024/11/List-of-Products-Under-Simplified-Procedure.pdf,
‭upto and including 11 kV‬,IS 513 (Part 1),,Mandatory,ISI Mark (Scheme I),List of Products Under Simplified Procedure,https://www.bis.gov.in/wp-content/uploads/2024/11/List-of-Products-Under-Simplified-Procedure.pdf,
‭Cold reduced carbon steel sheet and strip Part 1 Cold forming and drawing purposes‬,IS 513 (Part 2),,Mandatory,ISI Mark (Scheme I),List of Products Under Simplified Procedure,https://www.bis.gov.in/wp-content/uploads/2024/11/List-of-Products-Under-Simplified-Procedure.pdf,
‭Cold reduced carbon steel sheet and strip Part 2 High tensile and multi-phase steel‬,IS 8944,,Mandatory,ISI Mark (Scheme I),List of Products Under Simplified Procedure,https://www.bis.gov.in/wp-content/uploads/2024/11/List-of-Products-Under-Simplified-Procedure.pdf,
‭Chlorpyrifos Emulsifiable Concentrates‬,IS 10889,,Mandatory,ISI Mark (Scheme I),List of Products Under Simplified Procedure,https://www.bis.gov.in/wp-content/uploads/2024/11/List-of-Products-Under-Simplified-Procedure.pdf,
‭High Density Polyethylene Films‬,IS 11536,,Mandatory,ISI Mark (Scheme I),List of Products Under Simplified Procedure,https://www.bis.gov.in/wp-content/uploads/2024/11/List-of-Products-Under-Simplified-Procedure.pdf,
‭Processed - cereal Based Complementary Foods‬,IS 1180 (Part 1),,Mandatory,ISI Mark (Scheme I),List of Products Under Simplified Procedure,https://www.bis.gov.in/wp-content/uploads/2024/11/List-of-Products-Under-Simplified-Procedure.pdf,
"‭kVA, 33 kV Part 1 Mineral Oil Immersed‬",IS 14220,,Mandatory,ISI Mark (Scheme I),List of Products Under Simplified Procedure,https://www.bis.gov.in/wp-content/uploads/2024/11/List-of-Products-Under-Simplified-Procedure.pdf,
‭Openwell Submersible Pumpsets‬,IS 15636,,Mandatory,ISI Mark (Scheme I),List of Products Under Simplified Procedure,https://www.bis.gov.in/wp-content/uploads/2024/11/List-of-Products-Under-Simplified-Procedure.pdf,
‭Radial Ply‬,IS 2312,,Mandatory,ISI Mark (Scheme I),List of Products Under Simplified Procedure,https://www.bis.gov.in/wp-content/uploads/2024/11/List-of-Products-Under-Simplified-Procedure.pdf,
‭Propeller Type ac Ventilating Fans‬,IS 5509,,Mandatory,ISI Mark (Scheme I),List of Products Under Simplified Procedure,https://www.bis.gov.in/wp-content/uploads/2024/11/List-of-Products-Under-Simplified-Procedure.pdf,
‭Fire Retardant Plywood‬,IS 9283,,Mandatory,ISI Mark (Scheme I),List of Products Under Simplified Procedure,https://www.bis.gov.in/wp-content/uploads/2024/11/List-of-Products-Under-Simplified-Procedure.pdf,
‭Motors For Submersible Pumpsets‬,IS 9968 (Part 1),,Mandatory,ISI Mark (Scheme I),List of Products Under Simplified Procedure,https://www.bis.gov.in/wp-content/uploads/2024/11/List-of-Products-Under-Simplified-Procedure.pdf,
‭Elastomer Insulated Cables:part 1 For Working Voltages Upto And Including 1 100 V‬,IS 12016,,Mandatory,ISI Mark (Scheme I),List of Products Under Simplified Procedure,https://www.bis.gov.in/wp-content/uploads/2024/11/List-of-Products-Under-Simplified-Procedure.pdf,
‭Cypermethrin Ec‬,IS 13098,,Mandatory,ISI Mark (Scheme I),List of Products Under Simplified Procedure,https://www.bis.gov.in/wp-content/uploads/2024/11/List-of-Products-Under-Simplified-Procedure.pdf,
‭Automotive Vehicles- Tubes For Pneumatic Tyres‬,IS 14846,,Mandatory,ISI Mark (Scheme I),List of Products Under Simplified Procedure,https://www.bis.gov.in/wp-content/uploads/2024/11/List-of-Products-Under-Simplified-Procedure.pdf,
‭Sluice Valve For Water Works Purposes (50 To 1200 Mm Size) -‬,IS 1507,,Mandatory,ISI Mark (Scheme I),List of Products Under Simplified Procedure,https://www.bis.gov.in/wp-content/uploads/2024/11/List-of-Products-Under-Simplified-Procedure.pdf,
‭Copper Oxychloride Water Dispersible Powder Concentrates‬,IS 15138,,Mandatory,ISI Mark (Scheme I),List of Products Under Simplified Procedure,https://www.bis.gov.in/wp-content/uploads/2024/11/List-of-Products-Under-Simplified-Procedure.pdf,
‭Textiles - Jute Bags For Packing-50 Kg Sugar‬,IS 16186,,Mandatory,ISI Mark (Scheme I),List of Products Under Simplified Procedure,https://www.bis.gov.in/wp-content/uploads/2024/11/List-of-Products-Under-Simplified-Procedure.pdf,
‭Textiles - Light Weight Jute Sacking Bags For Packing 50 kg Foodgrains‬,IS 371,,Mandatory,ISI Mark (Scheme I),List of Products Under Simplified Procedure,https://www.bis.gov.in/wp-content/uploads/2024/11/List-of-Products-Under-Simplified-Procedure.pdf,
‭Ceiling Roses‬,IS 6240,,Mandatory,ISI Mark (Scheme I),List of Products Under Simplified Procedure,https://www.bis.gov.in/wp-content/uploads/2024/11/List-of-Products-Under-Simplified-Procedure.pdf,
‭Pressure Liquefiable Gas Cylinders‬,IS 8783,,Mandatory,ISI Mark (Scheme I),List of Products Under Simplified Procedure,https://www.bis.gov.in/wp-content/uploads/2024/11/List-of-Products-Under-Simplified-Procedure.pdf,
‭Insulated Wires‬,IS 8783,,Mandatory,ISI Mark (Scheme I),List of Products Under Simplified Procedure,https://www.bis.gov.in/wp-content/uploads/2024/11/List-of-Products-Under-Simplified-Procedure.pdf,
‭Polyester And Polypropylene Insulated Winding Wires‬,IS 9295,,Mandatory,ISI Mark (Scheme I),List of Products Under Simplified Procedure,https://www.bis.gov.in/wp-content/uploads/2024/11/List-of-Products-Under-Simplified-Procedure.pdf,
‭Steel Tubes For Idlers For Belt Conveyors‬,IS 9857,,Mandatory,ISI Mark (Scheme I),List of Products Under Simplified Procedure,https://www.bis.gov.in/wp-content/uploads/2024/11/List-of-Products-Under-Simplified-Procedure.pdf,
‭Welding Cables‬,IS 12615,,Mandatory,ISI Mark (Scheme I),List of Products Under Simplified Procedure,https://www.bis.gov.in/wp-content/uploads/2024/11/List-of-Products-Under-Simplified-Procedure.pdf,
"‭Specification""t Induction Motors - Three Phase Squirrel Cage‬",IS 12650,,Mandatory,ISI Mark (Scheme I),List of Products Under Simplified Procedure,https://www.bis.gov.in/wp-content/uploads/2024/11/List-of-Products-Under-Simplified-Procedure.pdf,
‭Textiles - Jute Bags For Packing 50 Kg Foodgrains‬,IS 1341,,Mandatory,ISI Mark (Scheme I),List of Products Under Simplified Procedure,https://www.bis.gov.in/wp-content/uploads/2024/11/List-of-Products-Under-Simplified-Procedure.pdf,
‭Steel Butt Hinges‬,IS 14587,,Mandatory,ISI Mark (Scheme I),List of Products Under Simplified Procedure,https://www.bis.gov.in/wp-content/uploads/2024/11/List-of-Products-Under-Simplified-Procedure.pdf,
‭Prelaminated Medium Density Fibre Board‬,IS 14697,,Mandatory,ISI Mark (Scheme I),List of Products Under Simplified Procedure,https://www.bis.gov.in/wp-content/uploads/2024/11/List-of-Products-Under-Simplified-Procedure.pdf,
[Page 6],IS 15633,,Mandatory,ISI Mark (Scheme I),List of Products Under Simplified Procedure,https://www.bis.gov.in/wp-content/uploads/2024/11/List-of-Products-Under-Simplified-Procedure.pdf,
‭Radial Ply‬,IS 16098 (Part 1),,Mandatory,ISI Mark (Scheme I),List of Products Under Simplified Procedure,https://www.bis.gov.in/wp-content/uploads/2024/11/List-of-Products-Under-Simplified-Procedure.pdf,
"‭1 Pipes And Fittings With Smooth External Surface, Type A‬",IS 302,,Mandatory,ISI Mark (Scheme I),List of Products Under Simplified Procedure,https://www.bis.gov.in/wp-content/uploads/2024/11/List-of-Products-Under-Simplified-Procedure.pdf,
‭Section 14 Electric Kitchen Machines‬,IS 7903,,Mandatory,ISI Mark (Scheme I),List of Products Under Simplified Procedure,https://www.bis.gov.in/wp-content/uploads/2024/11/List-of-Products-Under-Simplified-Procedure.pdf,
‭similar installations Part 1 circuit-breakers for ac operation‬,IS 1008,,Mandatory,ISI Mark (Scheme I),List of Products Under Simplified Procedure,https://www.bis.gov.in/wp-content/uploads/2024/11/List-of-Products-Under-Simplified-Procedure.pdf,
‭Sugar Boiled Confectionery‬‭(*)‬,IS 1239 (Part 2),,Mandatory,ISI Mark (Scheme I),List of Products Under Simplified Procedure,https://www.bis.gov.in/wp-content/uploads/2024/11/List-of-Products-Under-Simplified-Procedure.pdf,
"‭Steel tubes, tubulars and other steel fittings Part 2 Steel pipe fittings‬",IS 13095,,Mandatory,ISI Mark (Scheme I),List of Products Under Simplified Procedure,https://www.bis.gov.in/wp-content/uploads/2024/11/List-of-Products-Under-Simplified-Procedure.pdf,
‭Butterfly valves for general purposes‬,IS 13457,,Mandatory,ISI Mark (Scheme I),List of Products Under Simplified Procedure,https://www.bis.gov.in/wp-content/uploads/2024/11/List-of-Products-Under-Simplified-Procedure.pdf,
‭Pesticide - Deltamethrin Wp‬,IS 1783 (Part 1),,Mandatory,ISI Mark (Scheme I),List of Products Under Simplified Procedure,https://www.bis.gov.in/wp-content/uploads/2024/11/List-of-Products-Under-Simplified-Procedure.pdf,
"‭Drums Large, Fixed Ends Part 1 Grade A Drums‬",IS 1806,,Mandatory,ISI Mark (Scheme I),List of Products Under Simplified Procedure,https://www.bis.gov.in/wp-content/uploads/2024/11/List-of-Products-Under-Simplified-Procedure.pdf,
‭Malted Milk Foods‬,IS 252,,Mandatory,ISI Mark (Scheme I),List of Products Under Simplified Procedure,https://www.bis.gov.in/wp-content/uploads/2024/11/List-of-Products-Under-Simplified-Procedure.pdf,
‭Caustic Soda‬,IS 2566,,Mandatory,ISI Mark (Scheme I),List of Products Under Simplified Procedure,https://www.bis.gov.in/wp-content/uploads/2024/11/List-of-Products-Under-Simplified-Procedure.pdf,
‭Textiles - B-twill Jute Bags For Packing Foodgrains‬,IS 2791,,Mandatory,ISI Mark (Scheme I),List of Products Under Simplified Procedure,https://www.bis.gov.in/wp-content/uploads/2024/11/List-of-Products-Under-Simplified-Procedure.pdf,
‭Soluble Coffee Powder‬,IS 3564,,Mandatory,ISI Mark (Scheme I),List of Products Under Simplified Procedure,https://www.bis.gov.in/wp-content/uploads/2024/11/List-of-Products-Under-Simplified-Procedure.pdf,
‭Hydraulically Regulated Door Closers‬,IS 3589,,Mandatory,ISI Mark (Scheme I),List of Products Under Simplified Procedure,https://www.bis.gov.in/wp-content/uploads/2024/11/List-of-Products-Under-Simplified-Procedure.pdf,
‭Steel Pipes For Water And Sewage (168.3 To 2 540 mm Outside Diameter)‬,IS 398 (Part 5),,Mandatory,ISI Mark (Scheme I),List of Products Under Simplified Procedure,https://www.bis.gov.in/wp-content/uploads/2024/11/List-of-Products-Under-Simplified-Procedure.pdf,
‭conductors - Galvanized steel reinforced for extra high voltage (400 kV and above)‬,IS 5346,,Mandatory,ISI Mark (Scheme I),List of Products Under Simplified Procedure,https://www.bis.gov.in/wp-content/uploads/2024/11/List-of-Products-Under-Simplified-Procedure.pdf,
‭Synthetic Food Colour - Preparations and Mixtures‬,IS 6438,,Mandatory,ISI Mark (Scheme I),List of Products Under Simplified Procedure,https://www.bis.gov.in/wp-content/uploads/2024/11/List-of-Products-Under-Simplified-Procedure.pdf,
‭Aluminium Phosphide Formulations‬,IS 6444,,Mandatory,ISI Mark (Scheme I),List of Products Under Simplified Procedure,https://www.bis.gov.in/wp-content/uploads/2024/11/List-of-Products-Under-Simplified-Procedure.pdf,
‭Sulphur Dusting Powders‬,IS 651,,Mandatory,ISI Mark (Scheme I),List of Products Under Simplified Procedure,https://www.bis.gov.in/wp-content/uploads/2024/11/List-of-Products-Under-Simplified-Procedure.pdf,
‭Glazed Stoneware Pipe And Fittings‬,IS 7098 (Part 3),,Mandatory,ISI Mark (Scheme I),List of Products Under Simplified Procedure,https://www.bis.gov.in/wp-content/uploads/2024/11/List-of-Products-Under-Simplified-Procedure.pdf,
‭Working Voltages From 66 Kv Upto And Including 220 Kv‬,IS 7452,,Mandatory,ISI Mark (Scheme I),List of Products Under Simplified Procedure,https://www.bis.gov.in/wp-content/uploads/2024/11/List-of-Products-Under-Simplified-Procedure.pdf,
"‭Hot-rolled Steel Sections For Doors, Windows And Ventilators‬",IS 7809,,Mandatory,ISI Mark (Scheme I),List of Products Under Simplified Procedure,https://www.bis.gov.in/wp-content/uploads/2024/11/List-of-Products-Under-Simplified-Procedure.pdf,
‭With Non-thermosetting Adhesive‬,IS 9968 (Part 2),,Mandatory,ISI Mark (Scheme I),List of Products Under Simplified Procedure,https://www.bis.gov.in/wp-content/uploads/2024/11/List-of-Products-Under-Simplified-Procedure.pdf,
‭including 33kV‬,IS 12592,,Mandatory,ISI Mark (Scheme I),List of Products Under Simplified Procedure,https://www.bis.gov.in/wp-content/uploads/2024/11/List-of-Products-Under-Simplified-Procedure.pdf,
‭Precast Concrete Manhole Cover And Frame‬,IS 13801,,Mandatory,ISI Mark (Scheme I),List of Products Under Simplified Procedure,https://www.bis.gov.in/wp-content/uploads/2024/11/List-of-Products-Under-Simplified-Procedure.pdf,
‭Chequered Cement Concrete Tiles‬,IS 15380,,Mandatory,ISI Mark (Scheme I),List of Products Under Simplified Procedure,https://www.bis.gov.in/wp-content/uploads/2024/11/List-of-Products-Under-Simplified-Procedure.pdf,
‭Moulded Raised High Density Fibre (HDF) Panel Doors‬,IS 15532,,Mandatory,ISI Mark (Scheme I),List of Products Under Simplified Procedure,https://www.bis.gov.in/wp-content/uploads/2024/11/List-of-Products-Under-Simplified-Procedure.pdf,
‭Plastics Crates For Fruits And Vegetables‬,IS 15683,,Mandatory,ISI Mark (Scheme I),List of Products Under Simplified Procedure,https://www.bis.gov.in/wp-content/uploads/2024/11/List-of-Products-Under-Simplified-Procedure.pdf,
‭Portable Fire Extinguishers- Performance And Construction‬,IS 16098 (Part 2),,Mandatory,ISI Mark (Scheme I),List of Products Under Simplified Procedure,https://www.bis.gov.in/wp-content/uploads/2024/11/List-of-Products-Under-Simplified-Procedure.pdf,
"‭Pipes and fittings with non-smooth external surface, Type B‬",IS 2645,,Mandatory,ISI Mark (Scheme I),List of Products Under Simplified Procedure,https://www.bis.gov.in/wp-content/uploads/2024/11/List-of-Products-Under-Simplified-Procedure.pdf,
‭Integral Waterproofing Compounds For Cement Mortar And Concrete‬,IS 5986,,Mandatory,ISI Mark (Scheme I),List of Products Under Simplified Procedure,https://www.bis.gov.in/wp-content/uploads/2024/11/List-of-Products-Under-Simplified-Procedure.pdf,
[Page 7],IS 6595 (Part 1),,Mandatory,ISI Mark (Scheme I),List of Products Under Simplified Procedure,https://www.bis.gov.in/wp-content/uploads/2024/11/List-of-Products-Under-Simplified-Procedure.pdf,
‭Water Supply Purposes‬,IS 9079,,Mandatory,ISI Mark (Scheme I),List of Products Under Simplified Procedure,https://www.bis.gov.in/wp-content/uploads/2024/11/List-of-Products-Under-Simplified-Procedure.pdf,
‭Purposes‬,IS 9537 (Part 2),,Mandatory,ISI Mark (Scheme I),List of Products Under Simplified Procedure,https://www.bis.gov.in/wp-content/uploads/2024/11/List-of-Products-Under-Simplified-Procedure.pdf,
‭Conduits For Electrical Installations:part 2 Rigid Steel Conduits‬,IS 1239 (Part 1),,Mandatory,ISI Mark (Scheme I),List of Products Under Simplified Procedure,https://www.bis.gov.in/wp-content/uploads/2024/11/List-of-Products-Under-Simplified-Procedure.pdf,
"‭Steel tubes, tubulars and other wrought steel fittings - Part 1 Steel tubes‬",IS 12640 (Part 2),,Mandatory,ISI Mark (Scheme I),List of Products Under Simplified Procedure,https://www.bis.gov.in/wp-content/uploads/2024/11/List-of-Products-Under-Simplified-Procedure.pdf,
‭Circuit - Breakers With Integral Overcurrent Protection (rcvos)‬,IS 12751,,Mandatory,ISI Mark (Scheme I),List of Products Under Simplified Procedure,https://www.bis.gov.in/wp-content/uploads/2024/11/List-of-Products-Under-Simplified-Procedure.pdf,
‭Pesticides - Pendimethalin Ec‬,IS 13983,,Mandatory,ISI Mark (Scheme I),List of Products Under Simplified Procedure,https://www.bis.gov.in/wp-content/uploads/2024/11/List-of-Products-Under-Simplified-Procedure.pdf,
‭Stainless Steel Sinks For Domestic Purposes‬,IS 14510,,Mandatory,ISI Mark (Scheme I),List of Products Under Simplified Procedure,https://www.bis.gov.in/wp-content/uploads/2024/11/List-of-Products-Under-Simplified-Procedure.pdf,
‭Lambda-cyhalothrin WP‬,IS 15500 (Part 2),,Mandatory,ISI Mark (Scheme I),List of Products Under Simplified Procedure,https://www.bis.gov.in/wp-content/uploads/2024/11/List-of-Products-Under-Simplified-Procedure.pdf,
"‭Deepwell handpumps, components and special tools Part 2 Handpumps‬",IS 15500 (Part 3),,Mandatory,ISI Mark (Scheme I),List of Products Under Simplified Procedure,https://www.bis.gov.in/wp-content/uploads/2024/11/List-of-Products-Under-Simplified-Procedure.pdf,
"‭IS 15500 (Part 3)‬ ‭Deepwell handpumps, components and special tools Part 3 Handpump sub-assemblies‬",IS 15997,,Mandatory,ISI Mark (Scheme I),List of Products Under Simplified Procedure,https://www.bis.gov.in/wp-content/uploads/2024/11/List-of-Products-Under-Simplified-Procedure.pdf,
‭Low nickel austenitic stainless steel sheet and strip for utensils and kitchen appliances‬,IS 16353,,Mandatory,ISI Mark (Scheme I),List of Products Under Simplified Procedure,https://www.bis.gov.in/wp-content/uploads/2024/11/List-of-Products-Under-Simplified-Procedure.pdf,
‭Portland Cement Clinker‬,IS 1660,,Mandatory,ISI Mark (Scheme I),List of Products Under Simplified Procedure,https://www.bis.gov.in/wp-content/uploads/2024/11/List-of-Products-Under-Simplified-Procedure.pdf,
‭Wrought Aluminium--utensils‬,IS 1783 (Part 2),,Mandatory,ISI Mark (Scheme I),List of Products Under Simplified Procedure,https://www.bis.gov.in/wp-content/uploads/2024/11/List-of-Products-Under-Simplified-Procedure.pdf,
"‭Drums, Large, Fixed Ends Part 2 Grade B Drums‬",IS 1785 (Part 2),,Mandatory,ISI Mark (Scheme I),List of Products Under Simplified Procedure,https://www.bis.gov.in/wp-content/uploads/2024/11/List-of-Products-Under-Simplified-Procedure.pdf,
‭Plain Hard-drawn Steel Wire For Prestressed Concrete: Part 2 As drawn wire‬,IS 1879,,Mandatory,ISI Mark (Scheme I),List of Products Under Simplified Procedure,https://www.bis.gov.in/wp-content/uploads/2024/11/List-of-Products-Under-Simplified-Procedure.pdf,
‭Malleable Cast Iron Pipe Fittings‬,IS 204 (Part 1),,Mandatory,ISI Mark (Scheme I),List of Products Under Simplified Procedure,https://www.bis.gov.in/wp-content/uploads/2024/11/List-of-Products-Under-Simplified-Procedure.pdf,
‭Tower Bolts - Part-1 Ferrous Metals‬,IS 204 (Part 2),,Mandatory,ISI Mark (Scheme I),List of Products Under Simplified Procedure,https://www.bis.gov.in/wp-content/uploads/2024/11/List-of-Products-Under-Simplified-Procedure.pdf,
‭Tower Bolts - Part-2 Non-ferrous Metals‬,IS 2347,,Mandatory,ISI Mark (Scheme I),List of Products Under Simplified Procedure,https://www.bis.gov.in/wp-content/uploads/2024/11/List-of-Products-Under-Simplified-Procedure.pdf,
‭Domestic Pressure Cookers‬,IS 2567,,Mandatory,ISI Mark (Scheme I),List of Products Under Simplified Procedure,https://www.bis.gov.in/wp-content/uploads/2024/11/List-of-Products-Under-Simplified-Procedure.pdf,
‭Malathion Emulsifiable Concentrates‬,IS 2925,,Mandatory,ISI Mark (Scheme I),List of Products Under Simplified Procedure,https://www.bis.gov.in/wp-content/uploads/2024/11/List-of-Products-Under-Simplified-Procedure.pdf,
‭Industrial Safety Helmets‬,IS 299,,Mandatory,ISI Mark (Scheme I),List of Products Under Simplified Procedure,https://www.bis.gov.in/wp-content/uploads/2024/11/List-of-Products-Under-Simplified-Procedure.pdf,
‭Alumino-ferric‬,IS 3383,,Mandatory,ISI Mark (Scheme I),List of Products Under Simplified Procedure,https://www.bis.gov.in/wp-content/uploads/2024/11/List-of-Products-Under-Simplified-Procedure.pdf,
‭Wettable Sulphur Powder‬,IS 3502,,Mandatory,ISI Mark (Scheme I),List of Products Under Simplified Procedure,https://www.bis.gov.in/wp-content/uploads/2024/11/List-of-Products-Under-Simplified-Procedure.pdf,
‭Steel Chequered Plates‬,IS 3575,,Mandatory,ISI Mark (Scheme I),List of Products Under Simplified Procedure,https://www.bis.gov.in/wp-content/uploads/2024/11/List-of-Products-Under-Simplified-Procedure.pdf,
‭Bitumen Drums‬,IS 3989,,Mandatory,ISI Mark (Scheme I),List of Products Under Simplified Procedure,https://www.bis.gov.in/wp-content/uploads/2024/11/List-of-Products-Under-Simplified-Procedure.pdf,
"‭Pipes, Fittings, And Accessories‬",IS 4151,,Mandatory,ISI Mark (Scheme I),List of Products Under Simplified Procedure,https://www.bis.gov.in/wp-content/uploads/2024/11/List-of-Products-Under-Simplified-Procedure.pdf,
‭Protective Helmet For Two Wheeler Riders‬,IS 4270,,Mandatory,ISI Mark (Scheme I),List of Products Under Simplified Procedure,https://www.bis.gov.in/wp-content/uploads/2024/11/List-of-Products-Under-Simplified-Procedure.pdf,
‭Steel Tubes Used For Water Wells‬,IS 5312 (Part 1),,Mandatory,ISI Mark (Scheme I),List of Products Under Simplified Procedure,https://www.bis.gov.in/wp-content/uploads/2024/11/List-of-Products-Under-Simplified-Procedure.pdf,
‭Single-door Pattern‬,IS 5522,,Mandatory,ISI Mark (Scheme I),List of Products Under Simplified Procedure,https://www.bis.gov.in/wp-content/uploads/2024/11/List-of-Products-Under-Simplified-Procedure.pdf,
‭Stainless Steel Sheets And Strips For Utensils‬,IS 5950,,Mandatory,ISI Mark (Scheme I),List of Products Under Simplified Procedure,https://www.bis.gov.in/wp-content/uploads/2024/11/List-of-Products-Under-Simplified-Procedure.pdf,
‭Shot Firing Cables (for Use Other Than In Shafts)‬,IS 7466,,Mandatory,ISI Mark (Scheme I),List of Products Under Simplified Procedure,https://www.bis.gov.in/wp-content/uploads/2024/11/List-of-Products-Under-Simplified-Procedure.pdf,
‭Rubber Gaskets For Pressure Cookers‬,IS 863,,Mandatory,ISI Mark (Scheme I),List of Products Under Simplified Procedure,https://www.bis.gov.in/wp-content/uploads/2024/11/List-of-Products-Under-Simplified-Procedure.pdf,
"‭Handloom Cotton Bandage Cloth, Non-sterilized‬",IS 9356,,Mandatory,ISI Mark (Scheme I),List of Products Under Simplified Procedure,https://www.bis.gov.in/wp-content/uploads/2024/11/List-of-Products-Under-Simplified-Procedure.pdf,
‭Butachlor Emulsifiable Concentrates‬,IS 9360,,Mandatory,ISI Mark (Scheme I),List of Products Under Simplified Procedure,https://www.bis.gov.in/wp-content/uploads/2024/11/List-of-Products-Under-Simplified-Procedure.pdf,
"‭Carbofuran Granules, Encapsulated‬",IS 14182,,Mandatory,ISI Mark (Scheme I),List of Products Under Simplified Procedure,https://www.bis.gov.in/wp-content/uploads/2024/11/List-of-Products-Under-Simplified-Procedure.pdf,
‭Solvent Cement For Use With Unplasticized Polyvinylchloride Plastic Pipe and Fittings‬,IS 14611,,Mandatory,ISI Mark (Scheme I),List of Products Under Simplified Procedure,https://www.bis.gov.in/wp-content/uploads/2024/11/List-of-Products-Under-Simplified-Procedure.pdf,
‭Multilayered Cross Laminated Sheets/tarpaulins/covers/agricultural Films‬,IS 14885,,Mandatory,ISI Mark (Scheme I),List of Products Under Simplified Procedure,https://www.bis.gov.in/wp-content/uploads/2024/11/List-of-Products-Under-Simplified-Procedure.pdf,
[Page 8],IS 14927,,Mandatory,ISI Mark (Scheme I),List of Products Under Simplified Procedure,https://www.bis.gov.in/wp-content/uploads/2024/11/List-of-Products-Under-Simplified-Procedure.pdf,
‭mounting on walls and ceilings‬,IS 15111,,Mandatory,ISI Mark (Scheme I),List of Products Under Simplified Procedure,https://www.bis.gov.in/wp-content/uploads/2024/11/List-of-Products-Under-Simplified-Procedure.pdf,
‭Self Ballasted Lamps For General Lighting Services‬,IS 15298 (Part 2),,Mandatory,ISI Mark (Scheme I),List of Products Under Simplified Procedure,https://www.bis.gov.in/wp-content/uploads/2024/11/List-of-Products-Under-Simplified-Procedure.pdf,
‭Personal Protective Equipment Part 2 Safety Footwear‬,IS 15627,,Mandatory,ISI Mark (Scheme I),List of Products Under Simplified Procedure,https://www.bis.gov.in/wp-content/uploads/2024/11/List-of-Products-Under-Simplified-Procedure.pdf,
‭Automotive Vehicles - Pneumatic Tyres For Two And Three-wheeled Motor Vehicles‬,IS 15907,,Mandatory,ISI Mark (Scheme I),List of Products Under Simplified Procedure,https://www.bis.gov.in/wp-content/uploads/2024/11/List-of-Products-Under-Simplified-Procedure.pdf,
‭Agro Textiles - High Density Polyethylene (hdpe) Woven Beds For Vermiculture‬,IS 16703,,Mandatory,ISI Mark (Scheme I),List of Products Under Simplified Procedure,https://www.bis.gov.in/wp-content/uploads/2024/11/List-of-Products-Under-Simplified-Procedure.pdf,
‭Packaging Of 25 Kg Polymer Materials‬,IS 418,,Mandatory,ISI Mark (Scheme I),List of Products Under Simplified Procedure,https://www.bis.gov.in/wp-content/uploads/2024/11/List-of-Products-Under-Simplified-Procedure.pdf,
‭Tungsten Filament Lamp For Domestic And Similar General Lighting Purposes‬,IS 4308,,Mandatory,ISI Mark (Scheme I),List of Products Under Simplified Procedure,https://www.bis.gov.in/wp-content/uploads/2024/11/List-of-Products-Under-Simplified-Procedure.pdf,
"‭Dry Chemical Powders For Fire Fighting- Bc , Abc And D Types‬",IS 7098 (Part 2),,Mandatory,ISI Mark (Scheme I),List of Products Under Simplified Procedure,https://www.bis.gov.in/wp-content/uploads/2024/11/List-of-Products-Under-Simplified-Procedure.pdf,
‭Working Voltages From 3.3 Kv Up To And Including 33 Kv‬,IS 814,,Mandatory,ISI Mark (Scheme I),List of Products Under Simplified Procedure,https://www.bis.gov.in/wp-content/uploads/2024/11/List-of-Products-Under-Simplified-Procedure.pdf,
‭Steel‬,IS 8144,,Mandatory,ISI Mark (Scheme I),List of Products Under Simplified Procedure,https://www.bis.gov.in/wp-content/uploads/2024/11/List-of-Products-Under-Simplified-Procedure.pdf,
‭Multipurpose Dry Batteries‬,IS 9974 (Part 1),,Mandatory,ISI Mark (Scheme I),List of Products Under Simplified Procedure,https://www.bis.gov.in/wp-content/uploads/2024/11/List-of-Products-Under-Simplified-Procedure.pdf,
‭High Pressure Sodium Vapour Lamps :part 1 General Requirements And Tests‬,IS 11997,,Mandatory,ISI Mark (Scheme I),List of Products Under Simplified Procedure,https://www.bis.gov.in/wp-content/uploads/2024/11/List-of-Products-Under-Simplified-Procedure.pdf,
‭Fenvalerate EC‬,IS 1251,,Mandatory,ISI Mark (Scheme I),List of Products Under Simplified Procedure,https://www.bis.gov.in/wp-content/uploads/2024/11/List-of-Products-Under-Simplified-Procedure.pdf,
"‭Zinc Phosphide, Technical‬",IS 14183,,Mandatory,ISI Mark (Scheme I),List of Products Under Simplified Procedure,https://www.bis.gov.in/wp-content/uploads/2024/11/List-of-Products-Under-Simplified-Procedure.pdf,
‭Pesticide - Cartap Hydrochloride Sp‬,IS 15160,,Mandatory,ISI Mark (Scheme I),List of Products Under Simplified Procedure,https://www.bis.gov.in/wp-content/uploads/2024/11/List-of-Products-Under-Simplified-Procedure.pdf,
‭Pretilachlor Emulsifiable Concentrate‬,IS 15500 (Part 4),,Mandatory,ISI Mark (Scheme I),List of Products Under Simplified Procedure,https://www.bis.gov.in/wp-content/uploads/2024/11/List-of-Products-Under-Simplified-Procedure.pdf,
"‭Deep~ell Handpumps, Components And Special Tools Part 4 Steel Components‬",IS 15500 (Part 5),,Mandatory,ISI Mark (Scheme I),List of Products Under Simplified Procedure,https://www.bis.gov.in/wp-content/uploads/2024/11/List-of-Products-Under-Simplified-Procedure.pdf,
"‭Deepwell Handpumps, Components And Special Tools Part 5 Cast Iron Components‬",IS 15500 (Part 6),,Mandatory,ISI Mark (Scheme I),List of Products Under Simplified Procedure,https://www.bis.gov.in/wp-content/uploads/2024/11/List-of-Products-Under-Simplified-Procedure.pdf,
"‭IS 15500 (Part 6)‬ ‭Deepwell Handpumps, Components And Special Tools Part 6 Brass/bronze Components‬",IS 15500 (Part 7),,Mandatory,ISI Mark (Scheme I),List of Products Under Simplified Procedure,https://www.bis.gov.in/wp-content/uploads/2024/11/List-of-Products-Under-Simplified-Procedure.pdf,
"‭Deepwell Handpumps, Components And Special Tools Part 7 Rubber Components‬",IS 1746,,Mandatory,ISI Mark (Scheme I),List of Products Under Simplified Procedure,https://www.bis.gov.in/wp-content/uploads/2024/11/List-of-Products-Under-Simplified-Procedure.pdf,
"‭Shoe Polish, Paste‬",IS 1832,,Mandatory,ISI Mark (Scheme I),List of Products Under Simplified Procedure,https://www.bis.gov.in/wp-content/uploads/2024/11/List-of-Products-Under-Simplified-Procedure.pdf,
"‭Malathion, Technical‬",IS 2039,,Mandatory,ISI Mark (Scheme I),List of Products Under Simplified Procedure,https://www.bis.gov.in/wp-content/uploads/2024/11/List-of-Products-Under-Simplified-Procedure.pdf,
‭Steel Tubes For Bicycle And Cycle Rickshaws‬,IS 208,,Mandatory,ISI Mark (Scheme I),List of Products Under Simplified Procedure,https://www.bis.gov.in/wp-content/uploads/2024/11/List-of-Products-Under-Simplified-Procedure.pdf,
‭Door Handles‬,IS 2465,,Mandatory,ISI Mark (Scheme I),List of Products Under Simplified Procedure,https://www.bis.gov.in/wp-content/uploads/2024/11/List-of-Products-Under-Simplified-Procedure.pdf,
‭Cables For Motor Vehicles‬,IS 2568,,Mandatory,ISI Mark (Scheme I),List of Products Under Simplified Procedure,https://www.bis.gov.in/wp-content/uploads/2024/11/List-of-Products-Under-Simplified-Procedure.pdf,
‭Malathion Dusting Powders‬,IS 2569,,Mandatory,ISI Mark (Scheme I),List of Products Under Simplified Procedure,https://www.bis.gov.in/wp-content/uploads/2024/11/List-of-Products-Under-Simplified-Procedure.pdf,
‭Malathion Water Dispersible Powder Concentrates‬,IS 261,,Mandatory,ISI Mark (Scheme I),List of Products Under Simplified Procedure,https://www.bis.gov.in/wp-content/uploads/2024/11/List-of-Products-Under-Simplified-Procedure.pdf,
‭Copper Sulphate‬‭(*)‬,IS 2721,,Mandatory,ISI Mark (Scheme I),List of Products Under Simplified Procedure,https://www.bis.gov.in/wp-content/uploads/2024/11/List-of-Products-Under-Simplified-Procedure.pdf,
‭Galvanized Steel Chain Link Fence Fabric‬,IS 2879,,Mandatory,ISI Mark (Scheme I),List of Products Under Simplified Procedure,https://www.bis.gov.in/wp-content/uploads/2024/11/List-of-Products-Under-Simplified-Procedure.pdf,
‭Mild Steel For Metal Arc Welding Electrodes‬,IS 4320,,Mandatory,ISI Mark (Scheme I),List of Products Under Simplified Procedure,https://www.bis.gov.in/wp-content/uploads/2024/11/List-of-Products-Under-Simplified-Procedure.pdf,
"‭Thiram, Technical‬",IS 4351,,Mandatory,ISI Mark (Scheme I),List of Products Under Simplified Procedure,https://www.bis.gov.in/wp-content/uploads/2024/11/List-of-Products-Under-Simplified-Procedure.pdf,
‭Steel Door Frames -‬,IS 5175,,Mandatory,ISI Mark (Scheme I),List of Products Under Simplified Procedure,https://www.bis.gov.in/wp-content/uploads/2024/11/List-of-Products-Under-Simplified-Procedure.pdf,
"‭Polypropylene High- Tenacity Multifilament (pp3) 3-, 4-, 8- And 12-strand Ropes‬",IS 5277,,Mandatory,ISI Mark (Scheme I),List of Products Under Simplified Procedure,https://www.bis.gov.in/wp-content/uploads/2024/11/List-of-Products-Under-Simplified-Procedure.pdf,
‭Dichlorvos Emulsifiable Concentrates‬,IS 5487,,Mandatory,ISI Mark (Scheme I),List of Products Under Simplified Procedure,https://www.bis.gov.in/wp-content/uploads/2024/11/List-of-Products-Under-Simplified-Procedure.pdf,
[Page 9],IS 6911,,Mandatory,ISI Mark (Scheme I),List of Products Under Simplified Procedure,https://www.bis.gov.in/wp-content/uploads/2024/11/List-of-Products-Under-Simplified-Procedure.pdf,
"‭Stainless Steel Plate, Sheet And Strip‬",IS 7181,,Mandatory,ISI Mark (Scheme I),List of Products Under Simplified Procedure,https://www.bis.gov.in/wp-content/uploads/2024/11/List-of-Products-Under-Simplified-Procedure.pdf,
"‭Horizontally Cast Iron Double Flanged Pipes For Water, Gas And Sewage‬",IS 7231,,Mandatory,ISI Mark (Scheme I),List of Products Under Simplified Procedure,https://www.bis.gov.in/wp-content/uploads/2024/11/List-of-Products-Under-Simplified-Procedure.pdf,
‭Plastic Flushing Cisterns For Waterclosets And Urinals‬,IS 7532,,Mandatory,ISI Mark (Scheme I),List of Products Under Simplified Procedure,https://www.bis.gov.in/wp-content/uploads/2024/11/List-of-Products-Under-Simplified-Procedure.pdf,
‭Soft Soap‬‭(*)‬,IS 758,,Mandatory,ISI Mark (Scheme I),List of Products Under Simplified Procedure,https://www.bis.gov.in/wp-content/uploads/2024/11/List-of-Products-Under-Simplified-Procedure.pdf,
"‭Handloom cotton gauze, absorbent, non-sterilized‬",IS 778,,Mandatory,ISI Mark (Scheme I),List of Products Under Simplified Procedure,https://www.bis.gov.in/wp-content/uploads/2024/11/List-of-Products-Under-Simplified-Procedure.pdf,
"‭Copper alloy gate, globe and check valves for waterworks purposes‬",IS 781,,Mandatory,ISI Mark (Scheme I),List of Products Under Simplified Procedure,https://www.bis.gov.in/wp-content/uploads/2024/11/List-of-Products-Under-Simplified-Procedure.pdf,
‭Cast copper alloy screw down bib taps and stop valves for water services‬,IS 8028,,Mandatory,ISI Mark (Scheme I),List of Products Under Simplified Procedure,https://www.bis.gov.in/wp-content/uploads/2024/11/List-of-Products-Under-Simplified-Procedure.pdf,
‭Quinalphos EC‬,IS 8074,,Mandatory,ISI Mark (Scheme I),List of Products Under Simplified Procedure,https://www.bis.gov.in/wp-content/uploads/2024/11/List-of-Products-Under-Simplified-Procedure.pdf,
‭Monocrotophos Sl‬,IS 8446,,Mandatory,ISI Mark (Scheme I),List of Products Under Simplified Procedure,https://www.bis.gov.in/wp-content/uploads/2024/11/List-of-Products-Under-Simplified-Procedure.pdf,
‭Pesticide - Carbendazim (mbc) Wp‬,IS 903,,Mandatory,ISI Mark (Scheme I),List of Products Under Simplified Procedure,https://www.bis.gov.in/wp-content/uploads/2024/11/List-of-Products-Under-Simplified-Procedure.pdf,
"‭Fire hose delivery couplings, branch pipe, nozzles and nozzle spanner‬",IS 9532,,Mandatory,ISI Mark (Scheme I),List of Products Under Simplified Procedure,https://www.bis.gov.in/wp-content/uploads/2024/11/List-of-Products-Under-Simplified-Procedure.pdf,
‭Chakka and shrikhand‬,IS 11037,,Mandatory,ISI Mark (Scheme I),List of Products Under Simplified Procedure,https://www.bis.gov.in/wp-content/uploads/2024/11/List-of-Products-Under-Simplified-Procedure.pdf,
‭Electronic type fan regulators‬,IS 11170,,Mandatory,ISI Mark (Scheme I),List of Products Under Simplified Procedure,https://www.bis.gov.in/wp-content/uploads/2024/11/List-of-Products-Under-Simplified-Procedure.pdf,
‭agricultural purposes (up to 20 kW)‬,IS 12232 (Part 1),,Mandatory,ISI Mark (Scheme I),List of Products Under Simplified Procedure,https://www.bis.gov.in/wp-content/uploads/2024/11/List-of-Products-Under-Simplified-Procedure.pdf,
‭Irrigation equipment - rotating sprinkler: Part 1 Design and operational requirements‬,IS 1258,,Mandatory,ISI Mark (Scheme I),List of Products Under Simplified Procedure,https://www.bis.gov.in/wp-content/uploads/2024/11/List-of-Products-Under-Simplified-Procedure.pdf,
‭Bayonet Lamp Holders‬,IS 12585,,Mandatory,ISI Mark (Scheme I),List of Products Under Simplified Procedure,https://www.bis.gov.in/wp-content/uploads/2024/11/List-of-Products-Under-Simplified-Procedure.pdf,
‭Thermoplastic Hoses (textile Reinforced) For Water - General Purpose‬,IS 12640 (Part 1),,Mandatory,ISI Mark (Scheme I),List of Products Under Simplified Procedure,https://www.bis.gov.in/wp-content/uploads/2024/11/List-of-Products-Under-Simplified-Procedure.pdf,
‭Circuit-breakers Without Integral Overcurrent Protection (RCCBs)‬,IS 12931,,Mandatory,ISI Mark (Scheme I),List of Products Under Simplified Procedure,https://www.bis.gov.in/wp-content/uploads/2024/11/List-of-Products-Under-Simplified-Procedure.pdf,
‭Atrazine Wp‬,IS 12933 (Part 1),,Mandatory,ISI Mark (Scheme I),List of Products Under Simplified Procedure,https://www.bis.gov.in/wp-content/uploads/2024/11/List-of-Products-Under-Simplified-Procedure.pdf,
‭Solar Flat Plate Collector - Part 1 : Requirements‬,IS 13429 (Part 1),,Mandatory,ISI Mark (Scheme I),List of Products Under Simplified Procedure,https://www.bis.gov.in/wp-content/uploads/2024/11/List-of-Products-Under-Simplified-Procedure.pdf,
‭Solar Cooker - Box Type - Part 1 : Requirements‬,IS 14494,,Mandatory,ISI Mark (Scheme I),List of Products Under Simplified Procedure,https://www.bis.gov.in/wp-content/uploads/2024/11/List-of-Products-Under-Simplified-Procedure.pdf,
‭Elastomer insulated flexible cables for use in mines‬,IS 14772,,Mandatory,ISI Mark (Scheme I),List of Products Under Simplified Procedure,https://www.bis.gov.in/wp-content/uploads/2024/11/List-of-Products-Under-Simplified-Procedure.pdf,
‭electrical installations‬,IS 15335,,Mandatory,ISI Mark (Scheme I),List of Products Under Simplified Procedure,https://www.bis.gov.in/wp-content/uploads/2024/11/List-of-Products-Under-Simplified-Procedure.pdf,
‭Imidacloprid Sl‬,IS 1709,,Mandatory,ISI Mark (Scheme I),List of Products Under Simplified Procedure,https://www.bis.gov.in/wp-content/uploads/2024/11/List-of-Products-Under-Simplified-Procedure.pdf,
‭Capacitors for electric fan motors‬,IS 1875,,Mandatory,ISI Mark (Scheme I),List of Products Under Simplified Procedure,https://www.bis.gov.in/wp-content/uploads/2024/11/List-of-Products-Under-Simplified-Procedure.pdf,
"‭Carbon Steel Billets, Blooms, Slabs And Bars For Forgings‬",IS 2185 (Part 3),,Mandatory,ISI Mark (Scheme I),List of Products Under Simplified Procedure,https://www.bis.gov.in/wp-content/uploads/2024/11/List-of-Products-Under-Simplified-Procedure.pdf,
‭Concrete Masonry Units Part 3 Autoclaved Cellular Aerated Concrete Blocks‬,IS 2547 (Part 1),,Mandatory,ISI Mark (Scheme I),List of Products Under Simplified Procedure,https://www.bis.gov.in/wp-content/uploads/2024/11/List-of-Products-Under-Simplified-Procedure.pdf,
‭Gypsum Building Plaster: Part 1 Excluding Premixed Lightweight Plaster‬,IS 2553 (Part 1),,Mandatory,ISI Mark (Scheme I),List of Products Under Simplified Procedure,https://www.bis.gov.in/wp-content/uploads/2024/11/List-of-Products-Under-Simplified-Procedure.pdf,
"‭Safety Glass Part 1 Architectural, Building And General Uses‬",IS 2993,,Mandatory,ISI Mark (Scheme I),List of Products Under Simplified Procedure,https://www.bis.gov.in/wp-content/uploads/2024/11/List-of-Products-Under-Simplified-Procedure.pdf,
‭ac Motor Capacitors‬,IS 3462,,Mandatory,ISI Mark (Scheme I),List of Products Under Simplified Procedure,https://www.bis.gov.in/wp-content/uploads/2024/11/List-of-Products-Under-Simplified-Procedure.pdf,
‭Unbacked Flexible Pvc Flooring‬,IS 444,,Mandatory,ISI Mark (Scheme I),List of Products Under Simplified Procedure,https://www.bis.gov.in/wp-content/uploads/2024/11/List-of-Products-Under-Simplified-Procedure.pdf,
"‭Rubber Hoses, Textile-reinforced, For General-purpose Water Applications‬",IS 446,,Mandatory,ISI Mark (Scheme I),List of Products Under Simplified Procedure,https://www.bis.gov.in/wp-content/uploads/2024/11/List-of-Products-Under-Simplified-Procedure.pdf,
"‭Rubber hoses, textile-reinforced, for compressed air‬",IS 447,,Mandatory,ISI Mark (Scheme I),List of Products Under Simplified Procedure,https://www.bis.gov.in/wp-content/uploads/2024/11/List-of-Products-Under-Simplified-Procedure.pdf,
‭Rubber hose for welding‬,IS 4766,,Mandatory,ISI Mark (Scheme I),List of Products Under Simplified Procedure,https://www.bis.gov.in/wp-content/uploads/2024/11/List-of-Products-Under-Simplified-Procedure.pdf,
‭Thiram water dispersible powders‬‭(*)‬,IS 5290,,Mandatory,ISI Mark (Scheme I),List of Products Under Simplified Procedure,https://www.bis.gov.in/wp-content/uploads/2024/11/List-of-Products-Under-Simplified-Procedure.pdf,
‭Landing Valves‬,IS 5405,,Mandatory,ISI Mark (Scheme I),List of Products Under Simplified Procedure,https://www.bis.gov.in/wp-content/uploads/2024/11/List-of-Products-Under-Simplified-Procedure.pdf,
‭Sanitary Napkins‬,IS 6527,,Mandatory,ISI Mark (Scheme I),List of Products Under Simplified Procedure,https://www.bis.gov.in/wp-content/uploads/2024/11/List-of-Products-Under-Simplified-Procedure.pdf,
‭Stainless Steel Wire Rod‬,IS 6528,,Mandatory,ISI Mark (Scheme I),List of Products Under Simplified Procedure,https://www.bis.gov.in/wp-content/uploads/2024/11/List-of-Products-Under-Simplified-Procedure.pdf,
[Page 10],IS 6603,,Mandatory,ISI Mark (Scheme I),List of Products Under Simplified Procedure,https://www.bis.gov.in/wp-content/uploads/2024/11/List-of-Products-Under-Simplified-Procedure.pdf,
‭Stainless Steel Bars And Flats‬,IS 7021,,Mandatory,ISI Mark (Scheme I),List of Products Under Simplified Procedure,https://www.bis.gov.in/wp-content/uploads/2024/11/List-of-Products-Under-Simplified-Procedure.pdf,
‭Protein-rich Food Supplements For Infants And Preschool Children‬,IS 7347,,Mandatory,ISI Mark (Scheme I),List of Products Under Simplified Procedure,https://www.bis.gov.in/wp-content/uploads/2024/11/List-of-Products-Under-Simplified-Procedure.pdf,
‭Similar Applications‬,IS 8708,,Mandatory,ISI Mark (Scheme I),List of Products Under Simplified Procedure,https://www.bis.gov.in/wp-content/uploads/2024/11/List-of-Products-Under-Simplified-Procedure.pdf,
‭Mancozeb Wettable Powder‬,IS 8887,,Mandatory,ISI Mark (Scheme I),List of Products Under Simplified Procedure,https://www.bis.gov.in/wp-content/uploads/2024/11/List-of-Products-Under-Simplified-Procedure.pdf,
‭Bitumen Emulsion for Roads (cationic Type)‬,IS 9271,,Mandatory,ISI Mark (Scheme I),List of Products Under Simplified Procedure,https://www.bis.gov.in/wp-content/uploads/2024/11/List-of-Products-Under-Simplified-Procedure.pdf,
‭Unplasticized polyvinyl chloride (uPVC) single wall corrugated pipes for drainage‬,IS 9573 (Part 2),,Mandatory,ISI Mark (Scheme I),List of Products Under Simplified Procedure,https://www.bis.gov.in/wp-content/uploads/2024/11/List-of-Products-Under-Simplified-Procedure.pdf,
‭Requirements Section 9 Temperature Sensing Controls‬,IS 10086,,Mandatory,ISI Mark (Scheme I),List of Products Under Simplified Procedure,https://www.bis.gov.in/wp-content/uploads/2024/11/List-of-Products-Under-Simplified-Procedure.pdf,
‭Moulds For Use In Tests of Cement And Concrete‬,IS 10116,,Mandatory,ISI Mark (Scheme I),List of Products Under Simplified Procedure,https://www.bis.gov.in/wp-content/uploads/2024/11/List-of-Products-Under-Simplified-Procedure.pdf,
‭Boric Acid‬,IS 10325,,Mandatory,ISI Mark (Scheme I),List of Products Under Simplified Procedure,https://www.bis.gov.in/wp-content/uploads/2024/11/List-of-Products-Under-Simplified-Procedure.pdf,
"‭Square tins - 15 Kg/litre for ghee, vanaspati, edible oils and bakery shortenings‬",IS 10350,,Mandatory,ISI Mark (Scheme I),List of Products Under Simplified Procedure,https://www.bis.gov.in/wp-content/uploads/2024/11/List-of-Products-Under-Simplified-Procedure.pdf,
‭Powder Hair Dyes‬,IS 10758,,Mandatory,ISI Mark (Scheme I),List of Products Under Simplified Procedure,https://www.bis.gov.in/wp-content/uploads/2024/11/List-of-Products-Under-Simplified-Procedure.pdf,
‭De-odorising-cum-disinfectant Fluids‬,IS 1159,,Mandatory,ISI Mark (Scheme I),List of Products Under Simplified Procedure,https://www.bis.gov.in/wp-content/uploads/2024/11/List-of-Products-Under-Simplified-Procedure.pdf,
‭Baking Powder‬,IS 11722,,Mandatory,ISI Mark (Scheme I),List of Products Under Simplified Procedure,https://www.bis.gov.in/wp-content/uploads/2024/11/List-of-Products-Under-Simplified-Procedure.pdf,
‭Thin Walled Flexible Quick Coupling Pipes‬,IS 12817,,Mandatory,ISI Mark (Scheme I),List of Products Under Simplified Procedure,https://www.bis.gov.in/wp-content/uploads/2024/11/List-of-Products-Under-Simplified-Procedure.pdf,
‭Stainless Steel Butt Hinges‬,IS 12916,,Mandatory,ISI Mark (Scheme I),List of Products Under Simplified Procedure,https://www.bis.gov.in/wp-content/uploads/2024/11/List-of-Products-Under-Simplified-Procedure.pdf,
‭Acephate Sp‬,IS 12981,,Mandatory,ISI Mark (Scheme I),List of Products Under Simplified Procedure,https://www.bis.gov.in/wp-content/uploads/2024/11/List-of-Products-Under-Simplified-Procedure.pdf,
‭Common Salt - Iron Fortified‬,IS 1322,,Mandatory,ISI Mark (Scheme I),List of Products Under Simplified Procedure,https://www.bis.gov.in/wp-content/uploads/2024/11/List-of-Products-Under-Simplified-Procedure.pdf,
‭Bitumen Felts For Water Proofing And Damp-proofing‬,IS 13422,,Mandatory,ISI Mark (Scheme I),List of Products Under Simplified Procedure,https://www.bis.gov.in/wp-content/uploads/2024/11/List-of-Products-Under-Simplified-Procedure.pdf,
‭Disposable Surgical Rubber Gloves‬,IS 13714,,Mandatory,ISI Mark (Scheme I),List of Products Under Simplified Procedure,https://www.bis.gov.in/wp-content/uploads/2024/11/List-of-Products-Under-Simplified-Procedure.pdf,
‭Dunnage Pallets - Ware Housing‬,IS 13997,,Mandatory,ISI Mark (Scheme I),List of Products Under Simplified Procedure,https://www.bis.gov.in/wp-content/uploads/2024/11/List-of-Products-Under-Simplified-Procedure.pdf,
"‭Drums, Large Open Top‬",IS 14184,,Mandatory,ISI Mark (Scheme I),List of Products Under Simplified Procedure,https://www.bis.gov.in/wp-content/uploads/2024/11/List-of-Products-Under-Simplified-Procedure.pdf,
‭Pesticide - Cartap Hydrochloride G‬,IS 14411,,Mandatory,ISI Mark (Scheme I),List of Products Under Simplified Procedure,https://www.bis.gov.in/wp-content/uploads/2024/11/List-of-Products-Under-Simplified-Procedure.pdf,
‭Deltamethrin F‬,IS 14929,,Mandatory,ISI Mark (Scheme I),List of Products Under Simplified Procedure,https://www.bis.gov.in/wp-content/uploads/2024/11/List-of-Products-Under-Simplified-Procedure.pdf,
‭Textiles - High Strength Polyolefins Copolymer Ropes‬,IS 15058,,Mandatory,ISI Mark (Scheme I),List of Products Under Simplified Procedure,https://www.bis.gov.in/wp-content/uploads/2024/11/List-of-Products-Under-Simplified-Procedure.pdf,
‭Dams‬,IS 1536,,Mandatory,ISI Mark (Scheme I),List of Products Under Simplified Procedure,https://www.bis.gov.in/wp-content/uploads/2024/11/List-of-Products-Under-Simplified-Procedure.pdf,
"‭Centrifugally Cast (spun) Iron Pressure Pipes For Water, Gas And Sewage‬",IS 1551,,Mandatory,ISI Mark (Scheme I),List of Products Under Simplified Procedure,https://www.bis.gov.in/wp-content/uploads/2024/11/List-of-Products-Under-Simplified-Procedure.pdf,
‭Carbon Papers For Typewriter‬,IS 15558,,Mandatory,ISI Mark (Scheme I),List of Products Under Simplified Procedure,https://www.bis.gov.in/wp-content/uploads/2024/11/List-of-Products-Under-Simplified-Procedure.pdf,
‭Mini Domestic Water Heater For Use With Lpg‬,IS 15961,,Mandatory,ISI Mark (Scheme I),List of Products Under Simplified Procedure,https://www.bis.gov.in/wp-content/uploads/2024/11/List-of-Products-Under-Simplified-Procedure.pdf,
‭Hot Dip Aluminium-zinc Alloy Metallic Coated Steel Strip And Sheet (plain)‬,IS 1729,,Mandatory,ISI Mark (Scheme I),List of Products Under Simplified Procedure,https://www.bis.gov.in/wp-content/uploads/2024/11/List-of-Products-Under-Simplified-Procedure.pdf,
‭Pipeline Socket And Spigot Series‬,IS 1785 (Part 1),,Mandatory,ISI Mark (Scheme I),List of Products Under Simplified Procedure,https://www.bis.gov.in/wp-content/uploads/2024/11/List-of-Products-Under-Simplified-Procedure.pdf,
‭Stress-relieved Wire‬,IS 1856,,Mandatory,ISI Mark (Scheme I),List of Products Under Simplified Procedure,https://www.bis.gov.in/wp-content/uploads/2024/11/List-of-Products-Under-Simplified-Procedure.pdf,
‭Steel Wire Ropes For Haulage Purposes‬,IS 2002,,Mandatory,ISI Mark (Scheme I),List of Products Under Simplified Procedure,https://www.bis.gov.in/wp-content/uploads/2024/11/List-of-Products-Under-Simplified-Procedure.pdf,
‭Including Boilers‬,IS 205,,Mandatory,ISI Mark (Scheme I),List of Products Under Simplified Procedure,https://www.bis.gov.in/wp-content/uploads/2024/11/List-of-Products-Under-Simplified-Procedure.pdf,
‭Non-ferrous Metal Butt Hinges‬,IS 2404,,Mandatory,ISI Mark (Scheme I),List of Products Under Simplified Procedure,https://www.bis.gov.in/wp-content/uploads/2024/11/List-of-Products-Under-Simplified-Procedure.pdf,
‭Malt Extract‬,IS 2546,,Mandatory,ISI Mark (Scheme I),List of Products Under Simplified Procedure,https://www.bis.gov.in/wp-content/uploads/2024/11/List-of-Products-Under-Simplified-Procedure.pdf,
[Page 11],IS 2557,,Mandatory,ISI Mark (Scheme I),List of Products Under Simplified Procedure,https://www.bis.gov.in/wp-content/uploads/2024/11/List-of-Products-Under-Simplified-Procedure.pdf,
‭Annatto Colour For Food Products‬,IS 2692,,Mandatory,ISI Mark (Scheme I),List of Products Under Simplified Procedure,https://www.bis.gov.in/wp-content/uploads/2024/11/List-of-Products-Under-Simplified-Procedure.pdf,
‭Ferrules For Water Services‬,IS 274,,Mandatory,ISI Mark (Scheme I),List of Products Under Simplified Procedure,https://www.bis.gov.in/wp-content/uploads/2024/11/List-of-Products-Under-Simplified-Procedure.pdf,
‭Shovels - Part 1 : General Purpose Shovels - Part Ii : Heat-treated Shovels‬,IS 2888,,Mandatory,ISI Mark (Scheme I),List of Products Under Simplified Procedure,https://www.bis.gov.in/wp-content/uploads/2024/11/List-of-Products-Under-Simplified-Procedure.pdf,
‭Toilet Soap‬,IS 2932 (Part 1),,Mandatory,ISI Mark (Scheme I),List of Products Under Simplified Procedure,https://www.bis.gov.in/wp-content/uploads/2024/11/List-of-Products-Under-Simplified-Procedure.pdf,
‭Decorative Applications‬,IS 3818,,Mandatory,ISI Mark (Scheme I),List of Products Under Simplified Procedure,https://www.bis.gov.in/wp-content/uploads/2024/11/List-of-Products-Under-Simplified-Procedure.pdf,
‭Continuous (piano) Hinges‬,IS 4199,,Mandatory,ISI Mark (Scheme I),List of Products Under Simplified Procedure,https://www.bis.gov.in/wp-content/uploads/2024/11/List-of-Products-Under-Simplified-Procedure.pdf,
"‭Toilet Soap, Liquid‬",IS 4572,,Mandatory,ISI Mark (Scheme I),List of Products Under Simplified Procedure,https://www.bis.gov.in/wp-content/uploads/2024/11/List-of-Products-Under-Simplified-Procedure.pdf,
"‭Fibre Ropes Polyamide 3-, 4-, 8- And 12-strand Ropes‬",IS 4605,,Mandatory,ISI Mark (Scheme I),List of Products Under Simplified Procedure,https://www.bis.gov.in/wp-content/uploads/2024/11/List-of-Products-Under-Simplified-Procedure.pdf,
‭Crepe Bandage‬,IS 4947,,Mandatory,ISI Mark (Scheme I),List of Products Under Simplified Procedure,https://www.bis.gov.in/wp-content/uploads/2024/11/List-of-Products-Under-Simplified-Procedure.pdf,
‭Gas Cartridges for use in fire extinguishers‬,IS 5382,,Mandatory,ISI Mark (Scheme I),List of Products Under Simplified Procedure,https://www.bis.gov.in/wp-content/uploads/2024/11/List-of-Products-Under-Simplified-Procedure.pdf,
‭Specification For Materials‬,IS 5410,,Mandatory,ISI Mark (Scheme I),List of Products Under Simplified Procedure,https://www.bis.gov.in/wp-content/uploads/2024/11/List-of-Products-Under-Simplified-Procedure.pdf,
‭Cement Paint‬,IS 5504,,Mandatory,ISI Mark (Scheme I),List of Products Under Simplified Procedure,https://www.bis.gov.in/wp-content/uploads/2024/11/List-of-Products-Under-Simplified-Procedure.pdf,
‭Spiral Welded Pipes‬,IS 5676,,Mandatory,ISI Mark (Scheme I),List of Products Under Simplified Procedure,https://www.bis.gov.in/wp-content/uploads/2024/11/List-of-Products-Under-Simplified-Procedure.pdf,
‭Moulded Solid Rubber Soles and Heels‬,IS 6047,,Mandatory,ISI Mark (Scheme I),List of Products Under Simplified Procedure,https://www.bis.gov.in/wp-content/uploads/2024/11/List-of-Products-Under-Simplified-Procedure.pdf,
‭Scouring Products For Utensil Cleaning‬‭(*)‬,IS 612,,Mandatory,ISI Mark (Scheme I),List of Products Under Simplified Procedure,https://www.bis.gov.in/wp-content/uploads/2024/11/List-of-Products-Under-Simplified-Procedure.pdf,
‭Roasted Chicory Powder‬,IS 6392,,Mandatory,ISI Mark (Scheme I),List of Products Under Simplified Procedure,https://www.bis.gov.in/wp-content/uploads/2024/11/List-of-Products-Under-Simplified-Procedure.pdf,
‭Steel Pipe Flanges‬,IS 8025,,Mandatory,ISI Mark (Scheme I),List of Products Under Simplified Procedure,https://www.bis.gov.in/wp-content/uploads/2024/11/List-of-Products-Under-Simplified-Procedure.pdf,
"‭Monocrotophos, Technical‬",IS 916,,Mandatory,ISI Mark (Scheme I),List of Products Under Simplified Procedure,https://www.bis.gov.in/wp-content/uploads/2024/11/List-of-Products-Under-Simplified-Procedure.pdf,
‭Square Tins For Solid Products‬,IS 9523,,Mandatory,ISI Mark (Scheme I),List of Products Under Simplified Procedure,https://www.bis.gov.in/wp-content/uploads/2024/11/List-of-Products-Under-Simplified-Procedure.pdf,
"‭Ductile iron fittings for pressure pipes for water, gas and sewage‬",IS 9665,,Mandatory,ISI Mark (Scheme I),List of Products Under Simplified Procedure,https://www.bis.gov.in/wp-content/uploads/2024/11/List-of-Products-Under-Simplified-Procedure.pdf,
‭Propoxur Emulsifiable Concentrates‬,IS 9890,,Mandatory,ISI Mark (Scheme I),List of Products Under Simplified Procedure,https://www.bis.gov.in/wp-content/uploads/2024/11/List-of-Products-Under-Simplified-Procedure.pdf,
‭General Purpose Ball Valves‬,IS 1038,,Mandatory,ISI Mark (Scheme I),List of Products Under Simplified Procedure,https://www.bis.gov.in/wp-content/uploads/2024/11/List-of-Products-Under-Simplified-Procedure.pdf,
"‭Steel Doors, Windows and Ventilators‬",IS 1051,,Mandatory,ISI Mark (Scheme I),List of Products Under Simplified Procedure,https://www.bis.gov.in/wp-content/uploads/2024/11/List-of-Products-Under-Simplified-Procedure.pdf,
‭Pyrethrum Extracts‬,IS 10805,,Mandatory,ISI Mark (Scheme I),List of Products Under Simplified Procedure,https://www.bis.gov.in/wp-content/uploads/2024/11/List-of-Products-Under-Simplified-Procedure.pdf,
‭lines of agricultural pumping systems‬,IS 11501,,Mandatory,ISI Mark (Scheme I),List of Products Under Simplified Procedure,https://www.bis.gov.in/wp-content/uploads/2024/11/List-of-Products-Under-Simplified-Procedure.pdf,
"‭Engine monoset pumps for clear, cold, fresh water for agricultural purposes‬",IS 12785,,Mandatory,ISI Mark (Scheme I),List of Products Under Simplified Procedure,https://www.bis.gov.in/wp-content/uploads/2024/11/List-of-Products-Under-Simplified-Procedure.pdf,
‭Irrigation Equipment - Strainer-type Filters‬,IS 12894,,Mandatory,ISI Mark (Scheme I),List of Products Under Simplified Procedure,https://www.bis.gov.in/wp-content/uploads/2024/11/List-of-Products-Under-Simplified-Procedure.pdf,
‭Pulverized Fuel Ash-lime Bricks‬,IS 13340 (Part 1),,Mandatory,ISI Mark (Scheme I),List of Products Under Simplified Procedure,https://www.bis.gov.in/wp-content/uploads/2024/11/List-of-Products-Under-Simplified-Procedure.pdf,
‭Safety Requirements -- Guide For Installation And Operation‬,IS 13585 (Part 1),,Mandatory,ISI Mark (Scheme I),List of Products Under Simplified Procedure,https://www.bis.gov.in/wp-content/uploads/2024/11/List-of-Products-Under-Simplified-Procedure.pdf,
‭Rating Safety--requirements Guide For Installation And Operation‬,IS 14246,,Mandatory,ISI Mark (Scheme I),List of Products Under Simplified Procedure,https://www.bis.gov.in/wp-content/uploads/2024/11/List-of-Products-Under-Simplified-Procedure.pdf,
‭Continuously Pre-painted Galvanized Steel Sheets And Coils‬,IS 1488,,Mandatory,ISI Mark (Scheme I),List of Products Under Simplified Procedure,https://www.bis.gov.in/wp-content/uploads/2024/11/List-of-Products-Under-Simplified-Procedure.pdf,
"‭Pesticides - 2, 4-d Sodium Salt, Technical‬",IS 15351,,Mandatory,ISI Mark (Scheme I),List of Products Under Simplified Procedure,https://www.bis.gov.in/wp-content/uploads/2024/11/List-of-Products-Under-Simplified-Procedure.pdf,
‭Textiles- Laminated High Density Polyethylene (HDPE) fabric for canal lining‬,IS 15450,,Mandatory,ISI Mark (Scheme I),List of Products Under Simplified Procedure,https://www.bis.gov.in/wp-content/uploads/2024/11/List-of-Products-Under-Simplified-Procedure.pdf,
‭Water Supplies‬,IS 15652,,Mandatory,ISI Mark (Scheme I),List of Products Under Simplified Procedure,https://www.bis.gov.in/wp-content/uploads/2024/11/List-of-Products-Under-Simplified-Procedure.pdf,
[Page 12],IS 16018,,Mandatory,ISI Mark (Scheme I),List of Products Under Simplified Procedure,https://www.bis.gov.in/wp-content/uploads/2024/11/List-of-Products-Under-Simplified-Procedure.pdf,
‭Wheeled Fire Extinguishers Performance And Construction‬,IS 1943,,Mandatory,ISI Mark (Scheme I),List of Products Under Simplified Procedure,https://www.bis.gov.in/wp-content/uploads/2024/11/List-of-Products-Under-Simplified-Procedure.pdf,
‭Textiles- A-twill Jute Bags‬,IS 2074,,Mandatory,ISI Mark (Scheme I),List of Products Under Simplified Procedure,https://www.bis.gov.in/wp-content/uploads/2024/11/List-of-Products-Under-Simplified-Procedure.pdf,
"‭Ready Mixed Paint, Air Drying, Red Oxide - Zinc Chrome, Priming‬",IS 2185 (Part 1),,Mandatory,ISI Mark (Scheme I),List of Products Under Simplified Procedure,https://www.bis.gov.in/wp-content/uploads/2024/11/List-of-Products-Under-Simplified-Procedure.pdf,
‭Concrete masonry units - Part 1 Hollow and solid concrete blocks‬,IS 2418 (Part 2),,Mandatory,ISI Mark (Scheme I),List of Products Under Simplified Procedure,https://www.bis.gov.in/wp-content/uploads/2024/11/List-of-Products-Under-Simplified-Procedure.pdf,
‭IS 2418 (Part 2)‬ ‭Tubular fluorescent lamps for general lighting service - Part 2 Performance requirements‬,IS 2553 (Part 2),,Mandatory,ISI Mark (Scheme I),List of Products Under Simplified Procedure,https://www.bis.gov.in/wp-content/uploads/2024/11/List-of-Products-Under-Simplified-Procedure.pdf,
‭Safety Glass - Part 2 For road transport‬,IS 2802,,Mandatory,ISI Mark (Scheme I),List of Products Under Simplified Procedure,https://www.bis.gov.in/wp-content/uploads/2024/11/List-of-Products-Under-Simplified-Procedure.pdf,
‭Ice-cream and kulfi‬‭(*)‬,IS 3309,,Mandatory,ISI Mark (Scheme I),List of Products Under Simplified Procedure,https://www.bis.gov.in/wp-content/uploads/2024/11/List-of-Products-Under-Simplified-Procedure.pdf,
‭Soluble coffee-chicory powder‬,IS 3419,,Mandatory,ISI Mark (Scheme I),List of Products Under Simplified Procedure,https://www.bis.gov.in/wp-content/uploads/2024/11/List-of-Products-Under-Simplified-Procedure.pdf,
‭Fittings for rigid non-metallic conduits‬,IS 3976,,Mandatory,ISI Mark (Scheme I),List of Products Under Simplified Procedure,https://www.bis.gov.in/wp-content/uploads/2024/11/List-of-Products-Under-Simplified-Procedure.pdf,
‭Protective Rubber Canvas Boots For Miners‬,IS 4783,,Mandatory,ISI Mark (Scheme I),List of Products Under Simplified Procedure,https://www.bis.gov.in/wp-content/uploads/2024/11/List-of-Products-Under-Simplified-Procedure.pdf,
‭Thiram Seed Dressing Formulations‬,IS 5244,,Mandatory,ISI Mark (Scheme I),List of Products Under Simplified Procedure,https://www.bis.gov.in/wp-content/uploads/2024/11/List-of-Products-Under-Simplified-Procedure.pdf,
‭Safe Deposit Locker Cabinets‬,IS 5872,,Mandatory,ISI Mark (Scheme I),List of Products Under Simplified Procedure,https://www.bis.gov.in/wp-content/uploads/2024/11/List-of-Products-Under-Simplified-Procedure.pdf,
‭Cold Rolled Steel Strips (box Strappings)‬,IS 636,,Mandatory,ISI Mark (Scheme I),List of Products Under Simplified Procedure,https://www.bis.gov.in/wp-content/uploads/2024/11/List-of-Products-Under-Simplified-Procedure.pdf,
‭Non-percolating Flexible Fire Fighting Delivery Hose‬,IS 7058,,Mandatory,ISI Mark (Scheme I),List of Products Under Simplified Procedure,https://www.bis.gov.in/wp-content/uploads/2024/11/List-of-Products-Under-Simplified-Procedure.pdf,
‭Table Wines‬,IS 7283,,Mandatory,ISI Mark (Scheme I),List of Products Under Simplified Procedure,https://www.bis.gov.in/wp-content/uploads/2024/11/List-of-Products-Under-Simplified-Procedure.pdf,
‭Applications‬,IS 733,,Mandatory,ISI Mark (Scheme I),List of Products Under Simplified Procedure,https://www.bis.gov.in/wp-content/uploads/2024/11/List-of-Products-Under-Simplified-Procedure.pdf,
‭Engineering Purposes)‬,IS 7538,,Mandatory,ISI Mark (Scheme I),List of Products Under Simplified Procedure,https://www.bis.gov.in/wp-content/uploads/2024/11/List-of-Products-Under-Simplified-Procedure.pdf,
‭Applications‬,IS 7933,,Mandatory,ISI Mark (Scheme I),List of Products Under Simplified Procedure,https://www.bis.gov.in/wp-content/uploads/2024/11/List-of-Products-Under-Simplified-Procedure.pdf,
‭Flexible Polyurethane Foam For Domestic Mattresses‬,IS 8448,,Mandatory,ISI Mark (Scheme I),List of Products Under Simplified Procedure,https://www.bis.gov.in/wp-content/uploads/2024/11/List-of-Products-Under-Simplified-Procedure.pdf,
‭Automatic line voltage correctors (step type) for domestic use‬,IS 8472,,Mandatory,ISI Mark (Scheme I),List of Products Under Simplified Procedure,https://www.bis.gov.in/wp-content/uploads/2024/11/List-of-Products-Under-Simplified-Procedure.pdf,
"‭Centrifugal Regenerative Pumps For Clear, Cold Water‬",IS 8707,,Mandatory,ISI Mark (Scheme I),List of Products Under Simplified Procedure,https://www.bis.gov.in/wp-content/uploads/2024/11/List-of-Products-Under-Simplified-Procedure.pdf,
"‭Mancozeb, Technical‬",IS 8794,,Mandatory,ISI Mark (Scheme I),List of Products Under Simplified Procedure,https://www.bis.gov.in/wp-content/uploads/2024/11/List-of-Products-Under-Simplified-Procedure.pdf,
‭Cast Iron Detachable Joints for Use With Asbestos Cement Pressure Pipes‬,IS 884,,Mandatory,ISI Mark (Scheme I),List of Products Under Simplified Procedure,https://www.bis.gov.in/wp-content/uploads/2024/11/List-of-Products-Under-Simplified-Procedure.pdf,
‭First-aid Hose-reel For Fire Fighting‬,IS 8963,,Mandatory,ISI Mark (Scheme I),List of Products Under Simplified Procedure,https://www.bis.gov.in/wp-content/uploads/2024/11/List-of-Products-Under-Simplified-Procedure.pdf,
"‭Chlorpyrifos, Technical‬",IS 9281 (Part 3),,Mandatory,ISI Mark (Scheme I),List of Products Under Simplified Procedure,https://www.bis.gov.in/wp-content/uploads/2024/11/List-of-Products-Under-Simplified-Procedure.pdf,
"‭Explosive Atmospheres - Part 1 : Equipment Protection by Flameproof Enclosures ""d""‬",IS 1065 (Part 2),,Mandatory,ISI Mark (Scheme I),List of Products Under Simplified Procedure,https://www.bis.gov.in/wp-content/uploads/2024/11/List-of-Products-Under-Simplified-Procedure.pdf,
‭Stable Bleaching Powder - Part 2 For Water Treatment For Drinking Purposes‬,IS 11010,,Mandatory,ISI Mark (Scheme I),List of Products Under Simplified Procedure,https://www.bis.gov.in/wp-content/uploads/2024/11/List-of-Products-Under-Simplified-Procedure.pdf,
‭Ziram Colloidal Suspension‬,IS 11673 (Part 1),,Mandatory,ISI Mark (Scheme I),List of Products Under Simplified Procedure,https://www.bis.gov.in/wp-content/uploads/2024/11/List-of-Products-Under-Simplified-Procedure.pdf,
‭Sodium hypochlorite solution - Part 1 Household and industrial use‬‭(*)‬,IS 11785,,Mandatory,ISI Mark (Scheme I),List of Products Under Simplified Procedure,https://www.bis.gov.in/wp-content/uploads/2024/11/List-of-Products-Under-Simplified-Procedure.pdf,
‭Captan (wettable Powder) Wp‬‭(*)‬,IS 12109,,Mandatory,ISI Mark (Scheme I),List of Products Under Simplified Procedure,https://www.bis.gov.in/wp-content/uploads/2024/11/List-of-Products-Under-Simplified-Procedure.pdf,
‭General Requirements For Light Duty Sewing Machine Heads For Industrial Use‬,IS 1285,,Mandatory,ISI Mark (Scheme I),List of Products Under Simplified Procedure,https://www.bis.gov.in/wp-content/uploads/2024/11/List-of-Products-Under-Simplified-Procedure.pdf,
‭Sections For General Engineering Purposes‬,IS 15354 (Part 1),,Mandatory,ISI Mark (Scheme I),List of Products Under Simplified Procedure,https://www.bis.gov.in/wp-content/uploads/2024/11/List-of-Products-Under-Simplified-Procedure.pdf,
‭Single-use Rubber Examination Gloves‬,IS 1537,,Mandatory,ISI Mark (Scheme I),List of Products Under Simplified Procedure,https://www.bis.gov.in/wp-content/uploads/2024/11/List-of-Products-Under-Simplified-Procedure.pdf,
"‭Vertically Cast Iron Pressure Pipes For Water, Gas And Sewage‬",IS 15449 (Part 1),,Mandatory,ISI Mark (Scheme I),List of Products Under Simplified Procedure,https://www.bis.gov.in/wp-content/uploads/2024/11/List-of-Products-Under-Simplified-Procedure.pdf,
‭Household Zig-zag Sewing Machine Head - Part 1 : General Requirements‬,IS 15489,,Mandatory,ISI Mark (Scheme I),List of Products Under Simplified Procedure,https://www.bis.gov.in/wp-content/uploads/2024/11/List-of-Products-Under-Simplified-Procedure.pdf,
"‭Paint, Plastic Emulsion‬",IS 15833,,Mandatory,ISI Mark (Scheme I),List of Products Under Simplified Procedure,https://www.bis.gov.in/wp-content/uploads/2024/11/List-of-Products-Under-Simplified-Procedure.pdf,
[Page 13],IS 15834,,Mandatory,ISI Mark (Scheme I),List of Products Under Simplified Procedure,https://www.bis.gov.in/wp-content/uploads/2024/11/List-of-Products-Under-Simplified-Procedure.pdf,
‭Stainless Steel Sliding Door Bolts For Use With Padlocks‬,IS 15911,,Mandatory,ISI Mark (Scheme I),List of Products Under Simplified Procedure,https://www.bis.gov.in/wp-content/uploads/2024/11/List-of-Products-Under-Simplified-Procedure.pdf,
‭Structural Steel (ordinary quality)‬,IS 1610,,Mandatory,ISI Mark (Scheme I),List of Products Under Simplified Procedure,https://www.bis.gov.in/wp-content/uploads/2024/11/List-of-Products-Under-Simplified-Procedure.pdf,
‭Household Sewing Machines - General Requirements‬,IS 16232,,Mandatory,ISI Mark (Scheme I),List of Products Under Simplified Procedure,https://www.bis.gov.in/wp-content/uploads/2024/11/List-of-Products-Under-Simplified-Procedure.pdf,
‭Iron fortified iodized salt (double fortified salt) - Food grade‬,IS 1626 (Part 3),,Mandatory,ISI Mark (Scheme I),List of Products Under Simplified Procedure,https://www.bis.gov.in/wp-content/uploads/2024/11/List-of-Products-Under-Simplified-Procedure.pdf,
‭fittings - Part 3 Roofing fittings‬,IS 164,,Mandatory,ISI Mark (Scheme I),List of Products Under Simplified Procedure,https://www.bis.gov.in/wp-content/uploads/2024/11/List-of-Products-Under-Simplified-Procedure.pdf,
‭Ready Mixed Paint For Road Marking‬,IS 1703,,Mandatory,ISI Mark (Scheme I),List of Products Under Simplified Procedure,https://www.bis.gov.in/wp-content/uploads/2024/11/List-of-Products-Under-Simplified-Procedure.pdf,
‭Water Fittings - Copper Alloy Float Valves (horizontal Plunger Type)‬,IS 1759,,Mandatory,ISI Mark (Scheme I),List of Products Under Simplified Procedure,https://www.bis.gov.in/wp-content/uploads/2024/11/List-of-Products-Under-Simplified-Procedure.pdf,
‭Powrahs‬,IS 1825,,Mandatory,ISI Mark (Scheme I),List of Products Under Simplified Procedure,https://www.bis.gov.in/wp-content/uploads/2024/11/List-of-Products-Under-Simplified-Procedure.pdf,
‭Aluminium Alloy Milk Cans‬,IS 1827,,Mandatory,ISI Mark (Scheme I),List of Products Under Simplified Procedure,https://www.bis.gov.in/wp-content/uploads/2024/11/List-of-Products-Under-Simplified-Procedure.pdf,
"‭Pesticides - Dimethyl Amine Sl Salts Of 2, 4-d‬",IS 1912,,Mandatory,ISI Mark (Scheme I),List of Products Under Simplified Procedure,https://www.bis.gov.in/wp-content/uploads/2024/11/List-of-Products-Under-Simplified-Procedure.pdf,
‭Country Jute Twine‬,IS 1971,,Mandatory,ISI Mark (Scheme I),List of Products Under Simplified Procedure,https://www.bis.gov.in/wp-content/uploads/2024/11/List-of-Products-Under-Simplified-Procedure.pdf,
‭Crop Protection Equipment - Hand-operated Stirrup-type Sprayer‬,IS 2028,,Mandatory,ISI Mark (Scheme I),List of Products Under Simplified Procedure,https://www.bis.gov.in/wp-content/uploads/2024/11/List-of-Products-Under-Simplified-Procedure.pdf,
‭Open-jaw Wrenches (spanners)‬,IS 2029,,Mandatory,ISI Mark (Scheme I),List of Products Under Simplified Procedure,https://www.bis.gov.in/wp-content/uploads/2024/11/List-of-Products-Under-Simplified-Procedure.pdf,
‭Ring Wrenches (spanners)‬,IS 2061,,Mandatory,ISI Mark (Scheme I),List of Products Under Simplified Procedure,https://www.bis.gov.in/wp-content/uploads/2024/11/List-of-Products-Under-Simplified-Procedure.pdf,
‭Bicycle - Front Forks‬,IS 2124,,Mandatory,ISI Mark (Scheme I),List of Products Under Simplified Procedure,https://www.bis.gov.in/wp-content/uploads/2024/11/List-of-Products-Under-Simplified-Procedure.pdf,
‭Sodium Bicarbonate‬,IS 2257,,Mandatory,ISI Mark (Scheme I),List of Products Under Simplified Procedure,https://www.bis.gov.in/wp-content/uploads/2024/11/List-of-Products-Under-Simplified-Procedure.pdf,
"‭Paper Adhesives, Liquid Gum And Office Paste Type‬",IS 2339,,Mandatory,ISI Mark (Scheme I),List of Products Under Simplified Procedure,https://www.bis.gov.in/wp-content/uploads/2024/11/List-of-Products-Under-Simplified-Procedure.pdf,
‭Wheat Bran As Livestock Feed‬,IS 2415,,Mandatory,ISI Mark (Scheme I),List of Products Under Simplified Procedure,https://www.bis.gov.in/wp-content/uploads/2024/11/List-of-Products-Under-Simplified-Procedure.pdf,
‭Cycles - Rubber Tubes‬,IS 2494 (Part 1),,Mandatory,ISI Mark (Scheme I),List of Products Under Simplified Procedure,https://www.bis.gov.in/wp-content/uploads/2024/11/List-of-Products-Under-Simplified-Procedure.pdf,
‭V-belts - Endless V-belts For Industrial Purposes - Part 1 : General Purpose‬,IS 2548 (Part 2),,Mandatory,ISI Mark (Scheme I),List of Products Under Simplified Procedure,https://www.bis.gov.in/wp-content/uploads/2024/11/List-of-Products-Under-Simplified-Procedure.pdf,
‭Plastic seats and covers for water-closets: Part 2 Thermoplastic seats and covers‬,IS 2581,,Mandatory,ISI Mark (Scheme I),List of Products Under Simplified Procedure,https://www.bis.gov.in/wp-content/uploads/2024/11/List-of-Products-Under-Simplified-Procedure.pdf,
‭Round Strand Galvanized Steel Wire Ropes For Shipping Purposes‬,IS 2681,,Mandatory,ISI Mark (Scheme I),List of Products Under Simplified Procedure,https://www.bis.gov.in/wp-content/uploads/2024/11/List-of-Products-Under-Simplified-Procedure.pdf,
‭Non-ferrous Metal Sliding Door Bolts (aldrops) For With Padlocks‬,IS 3062,,Mandatory,ISI Mark (Scheme I),List of Products Under Simplified Procedure,https://www.bis.gov.in/wp-content/uploads/2024/11/List-of-Products-Under-Simplified-Procedure.pdf,
‭Crop Protection Equipment - Rocker Sprayer‬,IS 3119,,Mandatory,ISI Mark (Scheme I),List of Products Under Simplified Procedure,https://www.bis.gov.in/wp-content/uploads/2024/11/List-of-Products-Under-Simplified-Procedure.pdf,
‭Hot Air Sterilizers‬,IS 3450,,Mandatory,ISI Mark (Scheme I),List of Products Under Simplified Procedure,https://www.bis.gov.in/wp-content/uploads/2024/11/List-of-Products-Under-Simplified-Procedure.pdf,
"‭Carbon Papers, Handwriting‬",IS 3652,,Mandatory,ISI Mark (Scheme I),List of Products Under Simplified Procedure,https://www.bis.gov.in/wp-content/uploads/2024/11/List-of-Products-Under-Simplified-Procedure.pdf,
‭Crop Protection Equipment - Foot Sprayer‬,IS 3831,,Mandatory,ISI Mark (Scheme I),List of Products Under Simplified Procedure,https://www.bis.gov.in/wp-content/uploads/2024/11/List-of-Products-Under-Simplified-Procedure.pdf,
"‭Sterilizer, Shallow (dressing Drum)‬",IS 3903,,Mandatory,ISI Mark (Scheme I),List of Products Under Simplified Procedure,https://www.bis.gov.in/wp-content/uploads/2024/11/List-of-Products-Under-Simplified-Procedure.pdf,
‭Dimethoate Emulsifiable Concentrates‬,IS 3906,,Mandatory,ISI Mark (Scheme I),List of Products Under Simplified Procedure,https://www.bis.gov.in/wp-content/uploads/2024/11/List-of-Products-Under-Simplified-Procedure.pdf,
"‭Crop Protection Equipment - Hand-operated Knapsack Sprayer, Piston Type‬",IS 4109,,Mandatory,ISI Mark (Scheme I),List of Products Under Simplified Procedure,https://www.bis.gov.in/wp-content/uploads/2024/11/List-of-Products-Under-Simplified-Procedure.pdf,
‭Kadahies‬,IS 428,,Mandatory,ISI Mark (Scheme I),List of Products Under Simplified Procedure,https://www.bis.gov.in/wp-content/uploads/2024/11/List-of-Products-Under-Simplified-Procedure.pdf,
‭Washable Distemper‬‭(*)‬,IS 44,,Mandatory,ISI Mark (Scheme I),List of Products Under Simplified Procedure,https://www.bis.gov.in/wp-content/uploads/2024/11/List-of-Products-Under-Simplified-Procedure.pdf,
‭Iron Oxide Pigments For Paints‬,IS 4521,,Mandatory,ISI Mark (Scheme I),List of Products Under Simplified Procedure,https://www.bis.gov.in/wp-content/uploads/2024/11/List-of-Products-Under-Simplified-Procedure.pdf,
‭Wire Ropes Used In Oil Wells And Oil Well Drilling‬,IS 4752,,Mandatory,ISI Mark (Scheme I),List of Products Under Simplified Procedure,https://www.bis.gov.in/wp-content/uploads/2024/11/List-of-Products-Under-Simplified-Procedure.pdf,
"‭Sodium Metabisulphite, Food Grade‬",IS 4759,,Mandatory,ISI Mark (Scheme I),List of Products Under Simplified Procedure,https://www.bis.gov.in/wp-content/uploads/2024/11/List-of-Products-Under-Simplified-Procedure.pdf,
‭Hot-dip Zinc Coatings On Structural Steel And Other Allied Products‬,IS 4808,,Mandatory,ISI Mark (Scheme I),List of Products Under Simplified Procedure,https://www.bis.gov.in/wp-content/uploads/2024/11/List-of-Products-Under-Simplified-Procedure.pdf,
‭Pyrethrum Emulsifiable Concentrates‬,IS 4964,,Mandatory,ISI Mark (Scheme I),List of Products Under Simplified Procedure,https://www.bis.gov.in/wp-content/uploads/2024/11/List-of-Products-Under-Simplified-Procedure.pdf,
"‭Textiles - Vest, Cotton, Plain (single Jersey) Knitted‬",IS 5022,,Mandatory,ISI Mark (Scheme I),List of Products Under Simplified Procedure,https://www.bis.gov.in/wp-content/uploads/2024/11/List-of-Products-Under-Simplified-Procedure.pdf,
"‭Sterilizers, Instruments (table Model)‬",IS 539,,Mandatory,ISI Mark (Scheme I),List of Products Under Simplified Procedure,https://www.bis.gov.in/wp-content/uploads/2024/11/List-of-Products-Under-Simplified-Procedure.pdf,
‭Naphthalene‬‭(*)‬,IS 5514,,Mandatory,ISI Mark (Scheme I),List of Products Under Simplified Procedure,https://www.bis.gov.in/wp-content/uploads/2024/11/List-of-Products-Under-Simplified-Procedure.pdf,
[Page 14],IS 6046,,Mandatory,ISI Mark (Scheme I),List of Products Under Simplified Procedure,https://www.bis.gov.in/wp-content/uploads/2024/11/List-of-Products-Under-Simplified-Procedure.pdf,
‭Gypsum For Agricultural Use‬,IS 6149,,Mandatory,ISI Mark (Scheme I),List of Products Under Simplified Procedure,https://www.bis.gov.in/wp-content/uploads/2024/11/List-of-Products-Under-Simplified-Procedure.pdf,
‭Single-ended Open-jaw Adjustable Wrenches‬,IS 6701,,Mandatory,ISI Mark (Scheme I),List of Products Under Simplified Procedure,https://www.bis.gov.in/wp-content/uploads/2024/11/List-of-Products-Under-Simplified-Procedure.pdf,
‭Tungsten Filament Miscellaneous Electric Lamps‬,IS 73,,Mandatory,ISI Mark (Scheme I),List of Products Under Simplified Procedure,https://www.bis.gov.in/wp-content/uploads/2024/11/List-of-Products-Under-Simplified-Procedure.pdf,
‭Paving Bitumen‬,IS 8291,,Mandatory,ISI Mark (Scheme I),List of Products Under Simplified Procedure,https://www.bis.gov.in/wp-content/uploads/2024/11/List-of-Products-Under-Simplified-Procedure.pdf,
‭Phenthoate Emulsifiable Concentrates‬,IS 8391 (Part 1),,Mandatory,ISI Mark (Scheme I),List of Products Under Simplified Procedure,https://www.bis.gov.in/wp-content/uploads/2024/11/List-of-Products-Under-Simplified-Procedure.pdf,
‭Rubberised coir sheers for cushioning - Part 1 Curled‬‭(*)‬,IS 8521 (Part 1),,Mandatory,ISI Mark (Scheme I),List of Products Under Simplified Procedure,https://www.bis.gov.in/wp-content/uploads/2024/11/List-of-Products-Under-Simplified-Procedure.pdf,
‭Industrial Safety Face Shields Part 1 With Plastic Visor‬,IS 899,,Mandatory,ISI Mark (Scheme I),List of Products Under Simplified Procedure,https://www.bis.gov.in/wp-content/uploads/2024/11/List-of-Products-Under-Simplified-Procedure.pdf,
‭Tapioca Sago (saboodana)‬,IS 9537 (Part 4),,Mandatory,ISI Mark (Scheme I),List of Products Under Simplified Procedure,https://www.bis.gov.in/wp-content/uploads/2024/11/List-of-Products-Under-Simplified-Procedure.pdf,
‭Insulating Materials‬,IS 9763,,Mandatory,ISI Mark (Scheme I),List of Products Under Simplified Procedure,https://www.bis.gov.in/wp-content/uploads/2024/11/List-of-Products-Under-Simplified-Procedure.pdf,
"‭Plastics bib taps, pillar taps, angle valves and stop valves for hot and cold water services‬",IS 10243,,Mandatory,ISI Mark (Scheme I),List of Products Under Simplified Procedure,https://www.bis.gov.in/wp-content/uploads/2024/11/List-of-Products-Under-Simplified-Procedure.pdf,
"‭2, 4-d Ethyl Ester EC‬",IS 10908,,Mandatory,ISI Mark (Scheme I),List of Products Under Simplified Procedure,https://www.bis.gov.in/wp-content/uploads/2024/11/List-of-Products-Under-Simplified-Procedure.pdf,
‭Flexible Rubber Tubing for LPG‬‭(*)‬,IS 11188 (Part 1),,Mandatory,ISI Mark (Scheme I),List of Products Under Simplified Procedure,https://www.bis.gov.in/wp-content/uploads/2024/11/List-of-Products-Under-Simplified-Procedure.pdf,
‭Vault (strong room) doors Part 1 Specification‬,IS 1155,,Mandatory,ISI Mark (Scheme I),List of Products Under Simplified Procedure,https://www.bis.gov.in/wp-content/uploads/2024/11/List-of-Products-Under-Simplified-Procedure.pdf,
‭Wheat atta‬,IS 12225,,Mandatory,ISI Mark (Scheme I),List of Products Under Simplified Procedure,https://www.bis.gov.in/wp-content/uploads/2024/11/List-of-Products-Under-Simplified-Procedure.pdf,
‭Centrifugal Jet Pump‬,IS 12254,,Mandatory,ISI Mark (Scheme I),List of Products Under Simplified Procedure,https://www.bis.gov.in/wp-content/uploads/2024/11/List-of-Products-Under-Simplified-Procedure.pdf,
‭Polyvinyl Chloride (pvc) Industrial Boots‬,IS 1363 (Part 1),,Mandatory,ISI Mark (Scheme I),List of Products Under Simplified Procedure,https://www.bis.gov.in/wp-content/uploads/2024/11/List-of-Products-Under-Simplified-Procedure.pdf,
‭Bolts (size Range M 5 To M 64)‬,IS 1363 (Part 3),,Mandatory,ISI Mark (Scheme I),List of Products Under Simplified Procedure,https://www.bis.gov.in/wp-content/uploads/2024/11/List-of-Products-Under-Simplified-Procedure.pdf,
‭(size Range M5 To M64)‬,IS 13703,,Mandatory,ISI Mark (Scheme I),List of Products Under Simplified Procedure,https://www.bis.gov.in/wp-content/uploads/2024/11/List-of-Products-Under-Simplified-Procedure.pdf,
"‭Fuses for use by authorized persons, Sec 1 Supplementary Requirements‬",IS 13730 (Part 3),,Mandatory,ISI Mark (Scheme I),List of Products Under Simplified Procedure,https://www.bis.gov.in/wp-content/uploads/2024/11/List-of-Products-Under-Simplified-Procedure.pdf,
‭Class 155‬,IS 13785,,Mandatory,ISI Mark (Scheme I),List of Products Under Simplified Procedure,https://www.bis.gov.in/wp-content/uploads/2024/11/List-of-Products-Under-Simplified-Procedure.pdf,
‭Pesticide - Dodine WP‬,IS 13958,,Mandatory,ISI Mark (Scheme I),List of Products Under Simplified Procedure,https://www.bis.gov.in/wp-content/uploads/2024/11/List-of-Products-Under-Simplified-Procedure.pdf,
‭Bamboo Mat Board For General Purposes‬,IS 14203,,Mandatory,ISI Mark (Scheme I),List of Products Under Simplified Procedure,https://www.bis.gov.in/wp-content/uploads/2024/11/List-of-Products-Under-Simplified-Procedure.pdf,
‭Fire Resisting Record Protection Cabinets‬,IS 1422,,Mandatory,ISI Mark (Scheme I),List of Products Under Simplified Procedure,https://www.bis.gov.in/wp-content/uploads/2024/11/List-of-Products-Under-Simplified-Procedure.pdf,
‭Cotton Duck‬,IS 14300,,Mandatory,ISI Mark (Scheme I),List of Products Under Simplified Procedure,https://www.bis.gov.in/wp-content/uploads/2024/11/List-of-Products-Under-Simplified-Procedure.pdf,
‭Neem Based Ec Containing Azadirachtin‬,IS 14552,,Mandatory,ISI Mark (Scheme I),List of Products Under Simplified Procedure,https://www.bis.gov.in/wp-content/uploads/2024/11/List-of-Products-Under-Simplified-Procedure.pdf,
"‭Thiophanate Methyl, Wp‬",IS 14561,,Mandatory,ISI Mark (Scheme I),List of Products Under Simplified Procedure,https://www.bis.gov.in/wp-content/uploads/2024/11/List-of-Products-Under-Simplified-Procedure.pdf,
‭Fire Resisting (insulating) Filing Cabinets‬,IS 14650,,Mandatory,ISI Mark (Scheme I),List of Products Under Simplified Procedure,https://www.bis.gov.in/wp-content/uploads/2024/11/List-of-Products-Under-Simplified-Procedure.pdf,
"‭Carbon Steel Cast Billet Ingots, Billets, Blooms And Slabs For Re-rolling Purposes‬",IS 1475,,Mandatory,ISI Mark (Scheme I),List of Products Under Simplified Procedure,https://www.bis.gov.in/wp-content/uploads/2024/11/List-of-Products-Under-Simplified-Procedure.pdf,
‭Drinking Water Coolers‬,IS 14900,,Mandatory,ISI Mark (Scheme I),List of Products Under Simplified Procedure,https://www.bis.gov.in/wp-content/uploads/2024/11/List-of-Products-Under-Simplified-Procedure.pdf,
‭Transparent Float Glass‬,IS 14928,,Mandatory,ISI Mark (Scheme I),List of Products Under Simplified Procedure,https://www.bis.gov.in/wp-content/uploads/2024/11/List-of-Products-Under-Simplified-Procedure.pdf,
‭Textiles - Composite Synthetic Fibre Ropes‬,IS 15298 (Part 3),,Mandatory,ISI Mark (Scheme I),List of Products Under Simplified Procedure,https://www.bis.gov.in/wp-content/uploads/2024/11/List-of-Products-Under-Simplified-Procedure.pdf,
‭Personal Protective Equipment Part 3 Protective Footwear‬,IS 15298 (Part 4),,Mandatory,ISI Mark (Scheme I),List of Products Under Simplified Procedure,https://www.bis.gov.in/wp-content/uploads/2024/11/List-of-Products-Under-Simplified-Procedure.pdf,
‭Personal Protective Equipment Part 4 Occupational Footwear‬,IS 1538,,Mandatory,ISI Mark (Scheme I),List of Products Under Simplified Procedure,https://www.bis.gov.in/wp-content/uploads/2024/11/List-of-Products-Under-Simplified-Procedure.pdf,
"‭Cast iron fittings for pressure pipes for water, gas and sewage‬",IS 15443,,Mandatory,ISI Mark (Scheme I),List of Products Under Simplified Procedure,https://www.bis.gov.in/wp-content/uploads/2024/11/List-of-Products-Under-Simplified-Procedure.pdf,
‭Imidacloprid Technical‬,IS 15477,,Mandatory,ISI Mark (Scheme I),List of Products Under Simplified Procedure,https://www.bis.gov.in/wp-content/uploads/2024/11/List-of-Products-Under-Simplified-Procedure.pdf,
"‭Adhesive for use with Ceramic, Mosaic and Stone Tiles‬",IS 15622,,Mandatory,ISI Mark (Scheme I),List of Products Under Simplified Procedure,https://www.bis.gov.in/wp-content/uploads/2024/11/List-of-Products-Under-Simplified-Procedure.pdf,
[Page 15],IS 158,,Mandatory,ISI Mark (Scheme I),List of Products Under Simplified Procedure,https://www.bis.gov.in/wp-content/uploads/2024/11/List-of-Products-Under-Simplified-Procedure.pdf,
‭Resisting‬,IS 15827,,Mandatory,ISI Mark (Scheme I),List of Products Under Simplified Procedure,https://www.bis.gov.in/wp-content/uploads/2024/11/List-of-Products-Under-Simplified-Procedure.pdf,
‭Cladding Films For Greenhouse / Polyhouse‬,IS 15884,,Mandatory,ISI Mark (Scheme I),List of Products Under Simplified Procedure,https://www.bis.gov.in/wp-content/uploads/2024/11/List-of-Products-Under-Simplified-Procedure.pdf,
‭(class 1 And 2)‬,IS 15909,,Mandatory,ISI Mark (Scheme I),List of Products Under Simplified Procedure,https://www.bis.gov.in/wp-content/uploads/2024/11/List-of-Products-Under-Simplified-Procedure.pdf,
‭PVC Geomembranes for Lining‬,IS 15939,,Mandatory,ISI Mark (Scheme I),List of Products Under Simplified Procedure,https://www.bis.gov.in/wp-content/uploads/2024/11/List-of-Products-Under-Simplified-Procedure.pdf,
‭Pesticide - Bifenthrin Wettable Powder‬,IS 15962,,Mandatory,ISI Mark (Scheme I),List of Products Under Simplified Procedure,https://www.bis.gov.in/wp-content/uploads/2024/11/List-of-Products-Under-Simplified-Procedure.pdf,
‭Structural steels for building and structures with improved seismic resistance‬,IS 15965,,Mandatory,ISI Mark (Scheme I),List of Products Under Simplified Procedure,https://www.bis.gov.in/wp-content/uploads/2024/11/List-of-Products-Under-Simplified-Procedure.pdf,
‭Pre-painted aluminium zinc alloy metallic coated steel strip and sheet (plain)‬,IS 16088,,Mandatory,ISI Mark (Scheme I),List of Products Under Simplified Procedure,https://www.bis.gov.in/wp-content/uploads/2024/11/List-of-Products-Under-Simplified-Procedure.pdf,
‭Extinguishing System‬,IS 16192 (Part 1),,Mandatory,ISI Mark (Scheme I),List of Products Under Simplified Procedure,https://www.bis.gov.in/wp-content/uploads/2024/11/List-of-Products-Under-Simplified-Procedure.pdf,
‭wheel rims - Methods Of Tests And Requirements‬,IS 16192 (Part 2),,Mandatory,ISI Mark (Scheme I),List of Products Under Simplified Procedure,https://www.bis.gov.in/wp-content/uploads/2024/11/List-of-Products-Under-Simplified-Procedure.pdf,
‭Metal Wheel Rims - Methods Of Tests And Requirements‬,IS 16205,,Mandatory,ISI Mark (Scheme I),List of Products Under Simplified Procedure,https://www.bis.gov.in/wp-content/uploads/2024/11/List-of-Products-Under-Simplified-Procedure.pdf,
‭Systems Buried Under Ground‬,IS 16227 (Part 2),,Mandatory,ISI Mark (Scheme I),List of Products Under Simplified Procedure,https://www.bis.gov.in/wp-content/uploads/2024/11/List-of-Products-Under-Simplified-Procedure.pdf,
‭Instrument Transformers Part 2 Additional Requirements For Current Transformers‬,IS 16352,,Mandatory,ISI Mark (Scheme I),List of Products Under Simplified Procedure,https://www.bis.gov.in/wp-content/uploads/2024/11/List-of-Products-Under-Simplified-Procedure.pdf,
‭Geosynthetics - High Density Polyethylene (hdpe) Geomembranes For Lining‬,IS 16444 (Part 1),,Mandatory,ISI Mark (Scheme I),List of Products Under Simplified Procedure,https://www.bis.gov.in/wp-content/uploads/2024/11/List-of-Products-Under-Simplified-Procedure.pdf,
‭ac Static Direct Connected Watthour Smart Meter Class 1 and 2‬,IS 16444 (Part 2),,Mandatory,ISI Mark (Scheme I),List of Products Under Simplified Procedure,https://www.bis.gov.in/wp-content/uploads/2024/11/List-of-Products-Under-Simplified-Procedure.pdf,
‭And 1.0 S Part 2 Transformer Operated Smart Meters‬,IS 1664,,Mandatory,ISI Mark (Scheme I),List of Products Under Simplified Procedure,https://www.bis.gov.in/wp-content/uploads/2024/11/List-of-Products-Under-Simplified-Procedure.pdf,
‭Mineral Mixtures For Supplementing Cattle Feeds‬,IS 16647,,Mandatory,ISI Mark (Scheme I),List of Products Under Simplified Procedure,https://www.bis.gov.in/wp-content/uploads/2024/11/List-of-Products-Under-Simplified-Procedure.pdf,
‭Oriented Unplasticized Polyvinyl Chloride (pvc-o) Pipes For Water Supply‬,IS 17018 (Part 1),,Mandatory,ISI Mark (Scheme I),List of Products Under Simplified Procedure,https://www.bis.gov.in/wp-content/uploads/2024/11/List-of-Products-Under-Simplified-Procedure.pdf,
‭Solar Photovoltaic Water Pumping Systems Part 1 Centrifugal Pumps‬,IS 1835,,Mandatory,ISI Mark (Scheme I),List of Products Under Simplified Procedure,https://www.bis.gov.in/wp-content/uploads/2024/11/List-of-Products-Under-Simplified-Procedure.pdf,
‭Round Steel Wire For Ropes‬,IS 191,,Mandatory,ISI Mark (Scheme I),List of Products Under Simplified Procedure,https://www.bis.gov.in/wp-content/uploads/2024/11/List-of-Products-Under-Simplified-Procedure.pdf,
‭Copper‬,IS 2097,,Mandatory,ISI Mark (Scheme I),List of Products Under Simplified Procedure,https://www.bis.gov.in/wp-content/uploads/2024/11/List-of-Products-Under-Simplified-Procedure.pdf,
‭Foam Making Branch Pipe And Foam Inductor‬,IS 2141,,Mandatory,ISI Mark (Scheme I),List of Products Under Simplified Procedure,https://www.bis.gov.in/wp-content/uploads/2024/11/List-of-Products-Under-Simplified-Procedure.pdf,
‭Hot Dip Galvanized Stay Strand‬,IS 2266,,Mandatory,ISI Mark (Scheme I),List of Products Under Simplified Procedure,https://www.bis.gov.in/wp-content/uploads/2024/11/List-of-Products-Under-Simplified-Procedure.pdf,
‭Steel Wire Ropes For General Engineering Purposes‬,IS 2573,,Mandatory,ISI Mark (Scheme I),List of Products Under Simplified Procedure,https://www.bis.gov.in/wp-content/uploads/2024/11/List-of-Products-Under-Simplified-Procedure.pdf,
‭Leather Gauntlets and Mittens‬‭(*)‬,IS 2923,,Mandatory,ISI Mark (Scheme I),List of Products Under Simplified Procedure,https://www.bis.gov.in/wp-content/uploads/2024/11/List-of-Products-Under-Simplified-Procedure.pdf,
"‭Carmoisine, Food Grade‬",IS 3024,,Mandatory,ISI Mark (Scheme I),List of Products Under Simplified Procedure,https://www.bis.gov.in/wp-content/uploads/2024/11/List-of-Products-Under-Simplified-Procedure.pdf,
‭Grain Oriented Electrical Steel Sheets and Strips‬,IS 335,,Mandatory,ISI Mark (Scheme I),List of Products Under Simplified Procedure,https://www.bis.gov.in/wp-content/uploads/2024/11/List-of-Products-Under-Simplified-Procedure.pdf,
‭New insulating oils‬,IS 3521 (Part 1),,Mandatory,ISI Mark (Scheme I),List of Products Under Simplified Procedure,https://www.bis.gov.in/wp-content/uploads/2024/11/List-of-Products-Under-Simplified-Procedure.pdf,
‭Personal Fall Arrest Systems – Part 1 Full Body Harness‬,IS 4355,,Mandatory,ISI Mark (Scheme I),List of Products Under Simplified Procedure,https://www.bis.gov.in/wp-content/uploads/2024/11/List-of-Products-Under-Simplified-Procedure.pdf,
‭Fire-resistant Brattice Cloth‬,IS 4454 (Part 1),,Mandatory,ISI Mark (Scheme I),List of Products Under Simplified Procedure,https://www.bis.gov.in/wp-content/uploads/2024/11/List-of-Products-Under-Simplified-Procedure.pdf,
‭unalloyed‬,IS 4457,,Mandatory,ISI Mark (Scheme I),List of Products Under Simplified Procedure,https://www.bis.gov.in/wp-content/uploads/2024/11/List-of-Products-Under-Simplified-Procedure.pdf,
‭Ceramic Unglazed Vitreous Acid Resisting Tile‬,IS 4467,,Mandatory,ISI Mark (Scheme I),List of Products Under Simplified Procedure,https://www.bis.gov.in/wp-content/uploads/2024/11/List-of-Products-Under-Simplified-Procedure.pdf,
‭Caramel‬,IS 4989,,Mandatory,ISI Mark (Scheme I),List of Products Under Simplified Procedure,https://www.bis.gov.in/wp-content/uploads/2024/11/List-of-Products-Under-Simplified-Procedure.pdf,
‭Form concentrate for producing mechanical foam for fire fighting‬,IS 5168,,Mandatory,ISI Mark (Scheme I),List of Products Under Simplified Procedure,https://www.bis.gov.in/wp-content/uploads/2024/11/List-of-Products-Under-Simplified-Procedure.pdf,
‭Glass Feeding Bottles‬,IS 5470,,Mandatory,ISI Mark (Scheme I),List of Products Under Simplified Procedure,https://www.bis.gov.in/wp-content/uploads/2024/11/List-of-Products-Under-Simplified-Procedure.pdf,
[Page 16],IS 550 (Part 1),,Mandatory,ISI Mark (Scheme I),List of Products Under Simplified Procedure,https://www.bis.gov.in/wp-content/uploads/2024/11/List-of-Products-Under-Simplified-Procedure.pdf,
‭Safes Part 1 Specification‬,IS 5557,,Mandatory,ISI Mark (Scheme I),List of Products Under Simplified Procedure,https://www.bis.gov.in/wp-content/uploads/2024/11/List-of-Products-Under-Simplified-Procedure.pdf,
‭Industrial and Protective Rubber Knee and Ankle Boots‬,IS 5557 (Part 2),,Mandatory,ISI Mark (Scheme I),List of Products Under Simplified Procedure,https://www.bis.gov.in/wp-content/uploads/2024/11/List-of-Products-Under-Simplified-Procedure.pdf,
‭All Rubber Gum Boots And Ankle Boots Part 2 Occupational Purposes‬,IS 6006,,Mandatory,ISI Mark (Scheme I),List of Products Under Simplified Procedure,https://www.bis.gov.in/wp-content/uploads/2024/11/List-of-Products-Under-Simplified-Procedure.pdf,
‭Uncoated Stress Relieved Strand For Prestressed Concrete‬,IS 6192,,Mandatory,ISI Mark (Scheme I),List of Products Under Simplified Procedure,https://www.bis.gov.in/wp-content/uploads/2024/11/List-of-Products-Under-Simplified-Procedure.pdf,
‭Textiles- Monoaxially oriented high density polyethylene tapes‬,IS 648,,Mandatory,ISI Mark (Scheme I),List of Products Under Simplified Procedure,https://www.bis.gov.in/wp-content/uploads/2024/11/List-of-Products-Under-Simplified-Procedure.pdf,
‭Cold rolled non-oriented electrical steel sheet and strip - Fully processed type‬,IS 6595 (Part 2),,Mandatory,ISI Mark (Scheme I),List of Products Under Simplified Procedure,https://www.bis.gov.in/wp-content/uploads/2024/11/List-of-Products-Under-Simplified-Procedure.pdf,
‭agricultural and rural water supply‬,IS 738,,Mandatory,ISI Mark (Scheme I),List of Products Under Simplified Procedure,https://www.bis.gov.in/wp-content/uploads/2024/11/List-of-Products-Under-Simplified-Procedure.pdf,
"‭Wrought Aluminium Alloys, Drawn Tube For General Engineering Purposes‬",IS 779,,Mandatory,ISI Mark (Scheme I),List of Products Under Simplified Procedure,https://www.bis.gov.in/wp-content/uploads/2024/11/List-of-Products-Under-Simplified-Procedure.pdf,
‭Water Meters (domestic type)‬,IS 8309,,Mandatory,ISI Mark (Scheme I),List of Products Under Simplified Procedure,https://www.bis.gov.in/wp-content/uploads/2024/11/List-of-Products-Under-Simplified-Procedure.pdf,
‭Compression type tubular terminal ends for aluminium conductors of insulated cables‬,IS 8329,,Mandatory,ISI Mark (Scheme I),List of Products Under Simplified Procedure,https://www.bis.gov.in/wp-content/uploads/2024/11/List-of-Products-Under-Simplified-Procedure.pdf,
"‭Centrifugally cast (spun) ductile iron pressure pipes for water, gas and sewage‬",IS 8423,,Mandatory,ISI Mark (Scheme I),List of Products Under Simplified Procedure,https://www.bis.gov.in/wp-content/uploads/2024/11/List-of-Products-Under-Simplified-Procedure.pdf,
‭Controlled Percolating Hose For Fire Fighting‬,IS 8442,,Mandatory,ISI Mark (Scheme I),List of Products Under Simplified Procedure,https://www.bis.gov.in/wp-content/uploads/2024/11/List-of-Products-Under-Simplified-Procedure.pdf,
‭Stand Post Type Water And Foam Monitor For Fire Fighting‬,IS 8498,,Mandatory,ISI Mark (Scheme I),List of Products Under Simplified Procedure,https://www.bis.gov.in/wp-content/uploads/2024/11/List-of-Products-Under-Simplified-Procedure.pdf,
‭Temephos Emulsifiable Concentrates (ec)‬,IS 9103,,Mandatory,ISI Mark (Scheme I),List of Products Under Simplified Procedure,https://www.bis.gov.in/wp-content/uploads/2024/11/List-of-Products-Under-Simplified-Procedure.pdf,
‭Concrete Admixtures‬,IS 9436,,Mandatory,ISI Mark (Scheme I),List of Products Under Simplified Procedure,https://www.bis.gov.in/wp-content/uploads/2024/11/List-of-Products-Under-Simplified-Procedure.pdf,
‭Performance requirements and methods of tests for wheels for passenger cars‬,IS 9438,,Mandatory,ISI Mark (Scheme I),List of Products Under Simplified Procedure,https://www.bis.gov.in/wp-content/uploads/2024/11/List-of-Products-Under-Simplified-Procedure.pdf,
‭Performance requirements and methods of tests for wheels/rims for trucks‬,IS 9973,,Mandatory,ISI Mark (Scheme I),List of Products Under Simplified Procedure,https://www.bis.gov.in/wp-content/uploads/2024/11/List-of-Products-Under-Simplified-Procedure.pdf,
‭Part 2 Retro-reflective devices‬,IS 10079,,Mandatory,ISI Mark (Scheme I),List of Products Under Simplified Procedure,https://www.bis.gov.in/wp-content/uploads/2024/11/List-of-Products-Under-Simplified-Procedure.pdf,
‭Cylindrical metal measures for use in tests of aggregates and concrete‬,IS 10080,,Mandatory,ISI Mark (Scheme I),List of Products Under Simplified Procedure,https://www.bis.gov.in/wp-content/uploads/2024/11/List-of-Products-Under-Simplified-Procedure.pdf,
‭Vibration machine for standard cement mortar cubes‬,IS 10228,,Mandatory,ISI Mark (Scheme I),List of Products Under Simplified Procedure,https://www.bis.gov.in/wp-content/uploads/2024/11/List-of-Products-Under-Simplified-Procedure.pdf,
‭School Bag‬,IS 10577,,Mandatory,ISI Mark (Scheme I),List of Products Under Simplified Procedure,https://www.bis.gov.in/wp-content/uploads/2024/11/List-of-Products-Under-Simplified-Procedure.pdf,
‭Lancing Pipes‬‭(*)‬,IS 11087,,Mandatory,ISI Mark (Scheme I),List of Products Under Simplified Procedure,https://www.bis.gov.in/wp-content/uploads/2024/11/List-of-Products-Under-Simplified-Procedure.pdf,
‭Paper for magnetic ink character recognition cheque printing‬,IS 11569,,Mandatory,ISI Mark (Scheme I),List of Products Under Simplified Procedure,https://www.bis.gov.in/wp-content/uploads/2024/11/List-of-Products-Under-Simplified-Procedure.pdf,
‭Cervical Collar‬,IS 11646 (Part 2),,Mandatory,ISI Mark (Scheme I),List of Products Under Simplified Procedure,https://www.bis.gov.in/wp-content/uploads/2024/11/List-of-Products-Under-Simplified-Procedure.pdf,
‭Cane For Visually Handicapped Part 2 Folding Type‬,IS 11673 (Part 2),,Mandatory,ISI Mark (Scheme I),List of Products Under Simplified Procedure,https://www.bis.gov.in/wp-content/uploads/2024/11/List-of-Products-Under-Simplified-Procedure.pdf,
‭Sodium Hypochlorite Solution Part 2 Water Treatment Use‬,IS 1223,,Mandatory,ISI Mark (Scheme I),List of Products Under Simplified Procedure,https://www.bis.gov.in/wp-content/uploads/2024/11/List-of-Products-Under-Simplified-Procedure.pdf,
‭Apparatus For Determination of Milk Fat by Gerber Method‬,IS 12234,,Mandatory,ISI Mark (Scheme I),List of Products Under Simplified Procedure,https://www.bis.gov.in/wp-content/uploads/2024/11/List-of-Products-Under-Simplified-Procedure.pdf,
‭Plastic Equilibrium Float Valve for Cold Water Services‬,IS 12337,,Mandatory,ISI Mark (Scheme I),List of Products Under Simplified Procedure,https://www.bis.gov.in/wp-content/uploads/2024/11/List-of-Products-Under-Simplified-Procedure.pdf,
‭Manually Operated Fertilizer Broadcaster‬,IS 12664 (Part 1),,Mandatory,ISI Mark (Scheme I),List of Products Under Simplified Procedure,https://www.bis.gov.in/wp-content/uploads/2024/11/List-of-Products-Under-Simplified-Procedure.pdf,
‭dimensions‬,IS 12744,,Mandatory,ISI Mark (Scheme I),List of Products Under Simplified Procedure,https://www.bis.gov.in/wp-content/uploads/2024/11/List-of-Products-Under-Simplified-Procedure.pdf,
"‭Ready Mixed Paint, Air Drying, Red Oxide - Zinc Phosphate, Priming‬",IS 12912,,Mandatory,ISI Mark (Scheme I),List of Products Under Simplified Procedure,https://www.bis.gov.in/wp-content/uploads/2024/11/List-of-Products-Under-Simplified-Procedure.pdf,
‭Bromadiolone Rb‬,IS 12913,,Mandatory,ISI Mark (Scheme I),List of Products Under Simplified Procedure,https://www.bis.gov.in/wp-content/uploads/2024/11/List-of-Products-Under-Simplified-Procedure.pdf,
‭Bromadiolone Cb‬,IS 13049,,Mandatory,ISI Mark (Scheme I),List of Products Under Simplified Procedure,https://www.bis.gov.in/wp-content/uploads/2024/11/List-of-Products-Under-Simplified-Procedure.pdf,
‭Diaphragm type (plastic body) Float Operated Valves For Cold Water Services‬,IS 13114,,Mandatory,ISI Mark (Scheme I),List of Products Under Simplified Procedure,https://www.bis.gov.in/wp-content/uploads/2024/11/List-of-Products-Under-Simplified-Procedure.pdf,
"‭Forged Brass Gate, Globe And Check Valves For Water Works Purposes‬",IS 1321 (Part 1),,Mandatory,ISI Mark (Scheme I),List of Products Under Simplified Procedure,https://www.bis.gov.in/wp-content/uploads/2024/11/List-of-Products-Under-Simplified-Procedure.pdf,
‭Sisal Ropes - Part 1 : Untarred Varieties‬,IS 14186,,Mandatory,ISI Mark (Scheme I),List of Products Under Simplified Procedure,https://www.bis.gov.in/wp-content/uploads/2024/11/List-of-Products-Under-Simplified-Procedure.pdf,
‭Pesticide - Diflubenzuron Wp‬,IS 14261,,Mandatory,ISI Mark (Scheme I),List of Products Under Simplified Procedure,https://www.bis.gov.in/wp-content/uploads/2024/11/List-of-Products-Under-Simplified-Procedure.pdf,
‭Transmission Devices - V-belts - Endless Narrow V-belts For Industrial Use‬,IS 15182,,Mandatory,ISI Mark (Scheme I),List of Products Under Simplified Procedure,https://www.bis.gov.in/wp-content/uploads/2024/11/List-of-Products-Under-Simplified-Procedure.pdf,
[Page 17],IS 15219,,Mandatory,ISI Mark (Scheme I),List of Products Under Simplified Procedure,https://www.bis.gov.in/wp-content/uploads/2024/11/List-of-Products-Under-Simplified-Procedure.pdf,
‭Aluminium Phosphide Powder Formulation‬,IS 15227,,Mandatory,ISI Mark (Scheme I),List of Products Under Simplified Procedure,https://www.bis.gov.in/wp-content/uploads/2024/11/List-of-Products-Under-Simplified-Procedure.pdf,
‭Deltamethrin Ulv‬,IS 15236,,Mandatory,ISI Mark (Scheme I),List of Products Under Simplified Procedure,https://www.bis.gov.in/wp-content/uploads/2024/11/List-of-Products-Under-Simplified-Procedure.pdf,
‭Profenofos + Cypermethrin Emulsifiable Concentrate‬,IS 15240,,Mandatory,ISI Mark (Scheme I),List of Products Under Simplified Procedure,https://www.bis.gov.in/wp-content/uploads/2024/11/List-of-Products-Under-Simplified-Procedure.pdf,
‭Profenofos Emulsifiable Concentrate‬,IS 1566,,Mandatory,ISI Mark (Scheme I),List of Products Under Simplified Procedure,https://www.bis.gov.in/wp-content/uploads/2024/11/List-of-Products-Under-Simplified-Procedure.pdf,
‭Hard-drawn Steel Wire Fabric for Concrete Reinforcement‬,IS 15848,,Mandatory,ISI Mark (Scheme I),List of Products Under Simplified Procedure,https://www.bis.gov.in/wp-content/uploads/2024/11/List-of-Products-Under-Simplified-Procedure.pdf,
"‭Zinc Sulphate, Monohydrate, Agricultural Grade‬",IS 16720,,Mandatory,ISI Mark (Scheme I),List of Products Under Simplified Procedure,https://www.bis.gov.in/wp-content/uploads/2024/11/List-of-Products-Under-Simplified-Procedure.pdf,
‭Pulverized Fuel Ash-cement Bricks‬,IS 1741,,Mandatory,ISI Mark (Scheme I),List of Products Under Simplified Procedure,https://www.bis.gov.in/wp-content/uploads/2024/11/List-of-Products-Under-Simplified-Procedure.pdf,
‭Latex Foam Rubber Products‬,IS 1784,,Mandatory,ISI Mark (Scheme I),List of Products Under Simplified Procedure,https://www.bis.gov.in/wp-content/uploads/2024/11/List-of-Products-Under-Simplified-Procedure.pdf,
‭Screwed Closures for Drums‬,IS 1804,,Mandatory,ISI Mark (Scheme I),List of Products Under Simplified Procedure,https://www.bis.gov.in/wp-content/uploads/2024/11/List-of-Products-Under-Simplified-Procedure.pdf,
‭Steel Wire Ropes - Fibre Main Cores‬,IS 1855,,Mandatory,ISI Mark (Scheme I),List of Products Under Simplified Procedure,https://www.bis.gov.in/wp-content/uploads/2024/11/List-of-Products-Under-Simplified-Procedure.pdf,
‭Stranded Steel Wire Ropes For Winding And Man-riding Haulages In Mines‬,IS 1932,,Mandatory,ISI Mark (Scheme I),List of Products Under Simplified Procedure,https://www.bis.gov.in/wp-content/uploads/2024/11/List-of-Products-Under-Simplified-Procedure.pdf,
‭Mustard And Rape Seed Oilcake As Livestock Feed Ingredient‬,IS 1989 (Part 2),,Mandatory,ISI Mark (Scheme I),List of Products Under Simplified Procedure,https://www.bis.gov.in/wp-content/uploads/2024/11/List-of-Products-Under-Simplified-Procedure.pdf,
‭Leather Safety Boots And Shoes - Part 2 : For Heavy Metal Industries‬,IS 1997,,Mandatory,ISI Mark (Scheme I),List of Products Under Simplified Procedure,https://www.bis.gov.in/wp-content/uploads/2024/11/List-of-Products-Under-Simplified-Procedure.pdf,
‭Laboratory Glassware - Burettes‬,IS 2098,,Mandatory,ISI Mark (Scheme I),List of Products Under Simplified Procedure,https://www.bis.gov.in/wp-content/uploads/2024/11/List-of-Products-Under-Simplified-Procedure.pdf,
‭Asbestos Cement Building Boards‬,IS 2142,,Mandatory,ISI Mark (Scheme I),List of Products Under Simplified Procedure,https://www.bis.gov.in/wp-content/uploads/2024/11/List-of-Products-Under-Simplified-Procedure.pdf,
"‭Bromine, Technical‬",IS 2365,,Mandatory,ISI Mark (Scheme I),List of Products Under Simplified Procedure,https://www.bis.gov.in/wp-content/uploads/2024/11/List-of-Products-Under-Simplified-Procedure.pdf,
"‭Steel Wire Suspension Ropes For Lifts, Elevators And Hoists‬",IS 245,,Mandatory,ISI Mark (Scheme I),List of Products Under Simplified Procedure,https://www.bis.gov.in/wp-content/uploads/2024/11/List-of-Products-Under-Simplified-Procedure.pdf,
"‭Trichloroethylene, Technical‬",IS 2556 (Part 5),,Mandatory,ISI Mark (Scheme I),List of Products Under Simplified Procedure,https://www.bis.gov.in/wp-content/uploads/2024/11/List-of-Products-Under-Simplified-Procedure.pdf,
‭laboratory sinks‬,IS 2641,,Mandatory,ISI Mark (Scheme I),List of Products Under Simplified Procedure,https://www.bis.gov.in/wp-content/uploads/2024/11/List-of-Products-Under-Simplified-Procedure.pdf,
‭Electrical Welding accessories‬,IS 2653,,Mandatory,ISI Mark (Scheme I),List of Products Under Simplified Procedure,https://www.bis.gov.in/wp-content/uploads/2024/11/List-of-Products-Under-Simplified-Procedure.pdf,
‭Safety matches in boxes‬‭(*)‬,IS 266,,Mandatory,ISI Mark (Scheme I),List of Products Under Simplified Procedure,https://www.bis.gov.in/wp-content/uploads/2024/11/List-of-Products-Under-Simplified-Procedure.pdf,
‭Sulphuric Acid‬,IS 2730,,Mandatory,ISI Mark (Scheme I),List of Products Under Simplified Procedure,https://www.bis.gov.in/wp-content/uploads/2024/11/List-of-Products-Under-Simplified-Procedure.pdf,
‭Magnesium Sulphate (epsom salt)‬,IS 276,,Mandatory,ISI Mark (Scheme I),List of Products Under Simplified Procedure,https://www.bis.gov.in/wp-content/uploads/2024/11/List-of-Products-Under-Simplified-Procedure.pdf,
‭Austenitic-manganese Steel Castings‬,IS 281,,Mandatory,ISI Mark (Scheme I),List of Products Under Simplified Procedure,https://www.bis.gov.in/wp-content/uploads/2024/11/List-of-Products-Under-Simplified-Procedure.pdf,
‭Mild Steel Sliding Door Bolts For Use With Padlocks‬,IS 3390,,Mandatory,ISI Mark (Scheme I),List of Products Under Simplified Procedure,https://www.bis.gov.in/wp-content/uploads/2024/11/List-of-Products-Under-Simplified-Procedure.pdf,
"‭Sphygmomanometers, Mercurial‬",IS 3443,,Mandatory,ISI Mark (Scheme I),List of Products Under Simplified Procedure,https://www.bis.gov.in/wp-content/uploads/2024/11/List-of-Products-Under-Simplified-Procedure.pdf,
‭Crane Rail Sections‬,IS 362,,Mandatory,ISI Mark (Scheme I),List of Products Under Simplified Procedure,https://www.bis.gov.in/wp-content/uploads/2024/11/List-of-Products-Under-Simplified-Procedure.pdf,
‭Parliament Hinges‬,IS 3623,,Mandatory,ISI Mark (Scheme I),List of Products Under Simplified Procedure,https://www.bis.gov.in/wp-content/uploads/2024/11/List-of-Products-Under-Simplified-Procedure.pdf,
‭Guide and Rubbing Ropes‬,IS 3829 (Part 1),,Mandatory,ISI Mark (Scheme I),List of Products Under Simplified Procedure,https://www.bis.gov.in/wp-content/uploads/2024/11/List-of-Products-Under-Simplified-Procedure.pdf,
‭hospital and pharmaceutical use)‬,IS 3829 (Part 2),,Mandatory,ISI Mark (Scheme I),List of Products Under Simplified Procedure,https://www.bis.gov.in/wp-content/uploads/2024/11/List-of-Products-Under-Simplified-Procedure.pdf,
‭Pressure Type‬,IS 3829 (Part 3),,Mandatory,ISI Mark (Scheme I),List of Products Under Simplified Procedure,https://www.bis.gov.in/wp-content/uploads/2024/11/List-of-Products-Under-Simplified-Procedure.pdf,
"‭Steam Sterilizers - Part 3 : Pressure Sterilizers, Vertical Cylindrical Type‬",IS 3992,,Mandatory,ISI Mark (Scheme I),List of Products Under Simplified Procedure,https://www.bis.gov.in/wp-content/uploads/2024/11/List-of-Products-Under-Simplified-Procedure.pdf,
"‭Trays, Kidney‬",IS 3993,,Mandatory,ISI Mark (Scheme I),List of Products Under Simplified Procedure,https://www.bis.gov.in/wp-content/uploads/2024/11/List-of-Products-Under-Simplified-Procedure.pdf,
"‭Trays, Instruments‬",IS 4003 (Part 1),,Mandatory,ISI Mark (Scheme I),List of Products Under Simplified Procedure,https://www.bis.gov.in/wp-content/uploads/2024/11/List-of-Products-Under-Simplified-Procedure.pdf,
‭Pipe Wrenches - Part 1 : General Purpose‬,IS 4003 (Part 2),,Mandatory,ISI Mark (Scheme I),List of Products Under Simplified Procedure,https://www.bis.gov.in/wp-content/uploads/2024/11/List-of-Products-Under-Simplified-Procedure.pdf,
‭Pipe Wrenches - Part 2 : Heavy Duty‬,IS 4447,,Mandatory,ISI Mark (Scheme I),List of Products Under Simplified Procedure,https://www.bis.gov.in/wp-content/uploads/2024/11/List-of-Products-Under-Simplified-Procedure.pdf,
"‭Sodium Benzoate, Food Grade‬",IS 4454 (Part 2),,Mandatory,ISI Mark (Scheme I),List of Products Under Simplified Procedure,https://www.bis.gov.in/wp-content/uploads/2024/11/List-of-Products-Under-Simplified-Procedure.pdf,
‭Wire and Valve Spring Wire - Unalloyed‬,IS 4505,,Mandatory,ISI Mark (Scheme I),List of Products Under Simplified Procedure,https://www.bis.gov.in/wp-content/uploads/2024/11/List-of-Products-Under-Simplified-Procedure.pdf,
[Page 18],IS 4508,,Mandatory,ISI Mark (Scheme I),List of Products Under Simplified Procedure,https://www.bis.gov.in/wp-content/uploads/2024/11/List-of-Products-Under-Simplified-Procedure.pdf,
‭Open Ended Slugging Wrenches (spanners)‬,IS 4509,,Mandatory,ISI Mark (Scheme I),List of Products Under Simplified Procedure,https://www.bis.gov.in/wp-content/uploads/2024/11/List-of-Products-Under-Simplified-Procedure.pdf,
‭Ring Slugging Wrenches (spanners)‬,IS 5012,,Mandatory,ISI Mark (Scheme I),List of Products Under Simplified Procedure,https://www.bis.gov.in/wp-content/uploads/2024/11/List-of-Products-Under-Simplified-Procedure.pdf,
‭Cellulose Film‬,IS 5135 (Part 1),,Mandatory,ISI Mark (Scheme I),List of Products Under Simplified Procedure,https://www.bis.gov.in/wp-content/uploads/2024/11/List-of-Products-Under-Simplified-Procedure.pdf,
‭Hand-rotary duster - Part 1 : Belly-mounted type‬,IS 5143,,Mandatory,ISI Mark (Scheme I),List of Products Under Simplified Procedure,https://www.bis.gov.in/wp-content/uploads/2024/11/List-of-Products-Under-Simplified-Procedure.pdf,
‭Adjustable Axillary Crutches‬,IS 5513,,Mandatory,ISI Mark (Scheme I),List of Products Under Simplified Procedure,https://www.bis.gov.in/wp-content/uploads/2024/11/List-of-Products-Under-Simplified-Procedure.pdf,
‭Vicat Apparatus‬,IS 5516,,Mandatory,ISI Mark (Scheme I),List of Products Under Simplified Procedure,https://www.bis.gov.in/wp-content/uploads/2024/11/List-of-Products-Under-Simplified-Procedure.pdf,
‭Variable flow type air-permeability apparatus (blaine type)‬,IS 5852,,Mandatory,ISI Mark (Scheme I),List of Products Under Simplified Procedure,https://www.bis.gov.in/wp-content/uploads/2024/11/List-of-Products-Under-Simplified-Procedure.pdf,
‭Protective Steel Toe Caps For Footwear‬,IS 6218,,Mandatory,ISI Mark (Scheme I),List of Products Under Simplified Procedure,https://www.bis.gov.in/wp-content/uploads/2024/11/List-of-Products-Under-Simplified-Procedure.pdf,
‭Bicycle - Mudguards‬,IS 650,,Mandatory,ISI Mark (Scheme I),List of Products Under Simplified Procedure,https://www.bis.gov.in/wp-content/uploads/2024/11/List-of-Products-Under-Simplified-Procedure.pdf,
‭Standard sand for testing of cement‬,IS 6593,,Mandatory,ISI Mark (Scheme I),List of Products Under Simplified Procedure,https://www.bis.gov.in/wp-content/uploads/2024/11/List-of-Products-Under-Simplified-Procedure.pdf,
‭Electric Serological Water-baths‬,IS 6760,,Mandatory,ISI Mark (Scheme I),List of Products Under Simplified Procedure,https://www.bis.gov.in/wp-content/uploads/2024/11/List-of-Products-Under-Simplified-Procedure.pdf,
‭Slotted Countersunk Head Wood Screws‬,IS 723,,Mandatory,ISI Mark (Scheme I),List of Products Under Simplified Procedure,https://www.bis.gov.in/wp-content/uploads/2024/11/List-of-Products-Under-Simplified-Procedure.pdf,
‭Steel Countersunk Head Wire Nails‬,IS 7320,,Mandatory,ISI Mark (Scheme I),List of Products Under Simplified Procedure,https://www.bis.gov.in/wp-content/uploads/2024/11/List-of-Products-Under-Simplified-Procedure.pdf,
‭Concrete Slump Test Apparatus‬,IS 7593 (Part 1),,Mandatory,ISI Mark (Scheme I),List of Products Under Simplified Procedure,https://www.bis.gov.in/wp-content/uploads/2024/11/List-of-Products-Under-Simplified-Procedure.pdf,
‭Power-operated Pneumatic Sprayer-cum-duster - Part 1 : Knapsack Type‬,IS 7652,,Mandatory,ISI Mark (Scheme I),List of Products Under Simplified Procedure,https://www.bis.gov.in/wp-content/uploads/2024/11/List-of-Products-Under-Simplified-Procedure.pdf,
"‭Sphygmomanometer, Aneroid Type‬",IS 774,,Mandatory,ISI Mark (Scheme I),List of Products Under Simplified Procedure,https://www.bis.gov.in/wp-content/uploads/2024/11/List-of-Products-Under-Simplified-Procedure.pdf,
‭Flushing cistern for water closets and urinals (other than plastic cisterns)‬,IS 8462,,Mandatory,ISI Mark (Scheme I),List of Products Under Simplified Procedure,https://www.bis.gov.in/wp-content/uploads/2024/11/List-of-Products-Under-Simplified-Procedure.pdf,
"‭Sterilizer, Portable, Vertical, Pressure Type‬",IS 868,,Mandatory,ISI Mark (Scheme I),List of Products Under Simplified Procedure,https://www.bis.gov.in/wp-content/uploads/2024/11/List-of-Products-Under-Simplified-Procedure.pdf,
‭Sealing Wax‬,IS 878,,Mandatory,ISI Mark (Scheme I),List of Products Under Simplified Procedure,https://www.bis.gov.in/wp-content/uploads/2024/11/List-of-Products-Under-Simplified-Procedure.pdf,
‭Laboratory Glassware - Graduated Measuring Cylinders‬,IS 8808,,Mandatory,ISI Mark (Scheme I),List of Products Under Simplified Procedure,https://www.bis.gov.in/wp-content/uploads/2024/11/List-of-Products-Under-Simplified-Procedure.pdf,
‭Burners For Oil Pressure Stoves And Oil Pressure Heaters‬,IS 8931,,Mandatory,ISI Mark (Scheme I),List of Products Under Simplified Procedure,https://www.bis.gov.in/wp-content/uploads/2024/11/List-of-Products-Under-Simplified-Procedure.pdf,
‭Water Services‬,IS 915,,Mandatory,ISI Mark (Scheme I),List of Products Under Simplified Procedure,https://www.bis.gov.in/wp-content/uploads/2024/11/List-of-Products-Under-Simplified-Procedure.pdf,
‭Laboratory Glassware - One-mark Volumetric Flasks‬,IS 9157,,Mandatory,ISI Mark (Scheme I),List of Products Under Simplified Procedure,https://www.bis.gov.in/wp-content/uploads/2024/11/List-of-Products-Under-Simplified-Procedure.pdf,
‭Sodium nitrate and potassium nitrate for glass compositions‬,IS 9165 (Part 2),,Mandatory,ISI Mark (Scheme I),List of Products Under Simplified Procedure,https://www.bis.gov.in/wp-content/uploads/2024/11/List-of-Products-Under-Simplified-Procedure.pdf,
‭Dimensions‬,IS 9471 (Part 2),,Mandatory,ISI Mark (Scheme I),List of Products Under Simplified Procedure,https://www.bis.gov.in/wp-content/uploads/2024/11/List-of-Products-Under-Simplified-Procedure.pdf,
"‭Modular Lower Limb Orthotic Components - Part 2: Stirrups, Split‬",IS 9471 (Part 3),,Mandatory,ISI Mark (Scheme I),List of Products Under Simplified Procedure,https://www.bis.gov.in/wp-content/uploads/2024/11/List-of-Products-Under-Simplified-Procedure.pdf,
‭Modular Lower Limb Orthotic Components - Part 3: Stirrup Plates‬,IS 9471 (Part 4),,Mandatory,ISI Mark (Scheme I),List of Products Under Simplified Procedure,https://www.bis.gov.in/wp-content/uploads/2024/11/List-of-Products-Under-Simplified-Procedure.pdf,
"‭Modular Lower Limb Orthotic Components - Part 4: Joint Unit, Ankle‬",IS 9471 (Part 6),,Mandatory,ISI Mark (Scheme I),List of Products Under Simplified Procedure,https://www.bis.gov.in/wp-content/uploads/2024/11/List-of-Products-Under-Simplified-Procedure.pdf,
‭Drop Lock)‬,IS 9471 (Part 7),,Mandatory,ISI Mark (Scheme I),List of Products Under Simplified Procedure,https://www.bis.gov.in/wp-content/uploads/2024/11/List-of-Products-Under-Simplified-Procedure.pdf,
‭Knee (upper And Lower)‬,IS 9550,,Mandatory,ISI Mark (Scheme I),List of Products Under Simplified Procedure,https://www.bis.gov.in/wp-content/uploads/2024/11/List-of-Products-Under-Simplified-Procedure.pdf,
‭Bright Steel Bars‬,IS 9738,,Mandatory,ISI Mark (Scheme I),List of Products Under Simplified Procedure,https://www.bis.gov.in/wp-content/uploads/2024/11/List-of-Products-Under-Simplified-Procedure.pdf,
‭Polyethylene Bags For General Purposes‬,IS 9758,,Mandatory,ISI Mark (Scheme I),List of Products Under Simplified Procedure,https://www.bis.gov.in/wp-content/uploads/2024/11/List-of-Products-Under-Simplified-Procedure.pdf,
‭Flush Valves And Fittings For Water Closets And Urinals‬,IS 9762,,Mandatory,ISI Mark (Scheme I),List of Products Under Simplified Procedure,https://www.bis.gov.in/wp-content/uploads/2024/11/List-of-Products-Under-Simplified-Procedure.pdf,
‭Polyethylene Floats (spherical) For Float Valves‬,IS 10212 (Part 1),,Mandatory,ISI Mark (Scheme I),List of Products Under Simplified Procedure,https://www.bis.gov.in/wp-content/uploads/2024/11/List-of-Products-Under-Simplified-Procedure.pdf,
‭IS 10212 (Part 1)‬ ‭General Requirements For Packages Of Explosives: Part 1 Commercial High Explosives‬,IS 10508,,Mandatory,ISI Mark (Scheme I),List of Products Under Simplified Procedure,https://www.bis.gov.in/wp-content/uploads/2024/11/List-of-Products-Under-Simplified-Procedure.pdf,
"‭Phosphoric Acid, Food Grade‬",IS 10617,,Mandatory,ISI Mark (Scheme I),List of Products Under Simplified Procedure,https://www.bis.gov.in/wp-content/uploads/2024/11/List-of-Products-Under-Simplified-Procedure.pdf,
‭Hermetic Compressors‬,IS 10701,,Mandatory,ISI Mark (Scheme I),List of Products Under Simplified Procedure,https://www.bis.gov.in/wp-content/uploads/2024/11/List-of-Products-Under-Simplified-Procedure.pdf,
[Page 19],IS 1110,,Mandatory,ISI Mark (Scheme I),List of Products Under Simplified Procedure,https://www.bis.gov.in/wp-content/uploads/2024/11/List-of-Products-Under-Simplified-Procedure.pdf,
‭Ferrosilicon‬,IS 11226,,Mandatory,ISI Mark (Scheme I),List of Products Under Simplified Procedure,https://www.bis.gov.in/wp-content/uploads/2024/11/List-of-Products-Under-Simplified-Procedure.pdf,
‭Leather Safety Footwear Having Direct Moulded Rubber Sole‬,IS 12427,,Mandatory,ISI Mark (Scheme I),List of Products Under Simplified Procedure,https://www.bis.gov.in/wp-content/uploads/2024/11/List-of-Products-Under-Simplified-Procedure.pdf,
‭Fasteners - Threaded steel fasteners - Hexagon head transmission tower bolts‬,IS 12766,,Mandatory,ISI Mark (Scheme I),List of Products Under Simplified Procedure,https://www.bis.gov.in/wp-content/uploads/2024/11/List-of-Products-Under-Simplified-Procedure.pdf,
"‭Paper, Computer‬",IS 12776,,Mandatory,ISI Mark (Scheme I),List of Products Under Simplified Procedure,https://www.bis.gov.in/wp-content/uploads/2024/11/List-of-Products-Under-Simplified-Procedure.pdf,
‭Galvanized Strand For Earthing‬,IS 12923,,Mandatory,ISI Mark (Scheme I),List of Products Under Simplified Procedure,https://www.bis.gov.in/wp-content/uploads/2024/11/List-of-Products-Under-Simplified-Procedure.pdf,
‭Cane Gur (jaggery)‬,IS 1319,,Mandatory,ISI Mark (Scheme I),List of Products Under Simplified Procedure,https://www.bis.gov.in/wp-content/uploads/2024/11/List-of-Products-Under-Simplified-Procedure.pdf,
‭Edible Tapioca Starch‬,IS 13213,,Mandatory,ISI Mark (Scheme I),List of Products Under Simplified Procedure,https://www.bis.gov.in/wp-content/uploads/2024/11/List-of-Products-Under-Simplified-Procedure.pdf,
‭Polyurethane Full Gloss Enamel (two Pack)‬,IS 13730,,Mandatory,ISI Mark (Scheme I),List of Products Under Simplified Procedure,https://www.bis.gov.in/wp-content/uploads/2024/11/List-of-Products-Under-Simplified-Procedure.pdf,
"‭Polyamide-imide Enamelled Round Copper Wire, Class 200‬",IS 13730 (Part 8),,Mandatory,ISI Mark (Scheme I),List of Products Under Simplified Procedure,https://www.bis.gov.in/wp-content/uploads/2024/11/List-of-Products-Under-Simplified-Procedure.pdf,
"‭Wire, Class 180‬",IS 1374,,Mandatory,ISI Mark (Scheme I),List of Products Under Simplified Procedure,https://www.bis.gov.in/wp-content/uploads/2024/11/List-of-Products-Under-Simplified-Procedure.pdf,
‭Poultry Feeds‬,IS 13774,,Mandatory,ISI Mark (Scheme I),List of Products Under Simplified Procedure,https://www.bis.gov.in/wp-content/uploads/2024/11/List-of-Products-Under-Simplified-Procedure.pdf,
‭Live Working - Gloves of Insulating Materials‬,IS 1391 (Part 1),,Mandatory,ISI Mark (Scheme I),List of Products Under Simplified Procedure,https://www.bis.gov.in/wp-content/uploads/2024/11/List-of-Products-Under-Simplified-Procedure.pdf,
‭Room Air Conditioners Part 1 Unitary Air Conditioners‬,IS 1391 (Part 2),,Mandatory,ISI Mark (Scheme I),List of Products Under Simplified Procedure,https://www.bis.gov.in/wp-content/uploads/2024/11/List-of-Products-Under-Simplified-Procedure.pdf,
‭Room Air Conditioners Part 2 Split Air Conditioners‬,IS 14106,,Mandatory,ISI Mark (Scheme I),List of Products Under Simplified Procedure,https://www.bis.gov.in/wp-content/uploads/2024/11/List-of-Products-Under-Simplified-Procedure.pdf,
‭Direct Action Handpump‬,IS 14158,,Mandatory,ISI Mark (Scheme I),List of Products Under Simplified Procedure,https://www.bis.gov.in/wp-content/uploads/2024/11/List-of-Products-Under-Simplified-Procedure.pdf,
‭Cyfluthrin WP‬,IS 14268,,Mandatory,ISI Mark (Scheme I),List of Products Under Simplified Procedure,https://www.bis.gov.in/wp-content/uploads/2024/11/List-of-Products-Under-Simplified-Procedure.pdf,
‭Uncoated stress relieved low relaxation seven-ply strand for prestressed concrete‬,IS 14276,,Mandatory,ISI Mark (Scheme I),List of Products Under Simplified Procedure,https://www.bis.gov.in/wp-content/uploads/2024/11/List-of-Products-Under-Simplified-Procedure.pdf,
‭Cement Bonded Particle Boards‬,IS 14483 (Part 1),,Mandatory,ISI Mark (Scheme I),List of Products Under Simplified Procedure,https://www.bis.gov.in/wp-content/uploads/2024/11/List-of-Products-Under-Simplified-Procedure.pdf,
‭Fertilizer And Chemical Injector System - Part 1 Venturi Injector‬,IS 14490,,Mandatory,ISI Mark (Scheme I),List of Products Under Simplified Procedure,https://www.bis.gov.in/wp-content/uploads/2024/11/List-of-Products-Under-Simplified-Procedure.pdf,
‭Plain Copier Paper‬,IS 14544,,Mandatory,ISI Mark (Scheme I),List of Products Under Simplified Procedure,https://www.bis.gov.in/wp-content/uploads/2024/11/List-of-Products-Under-Simplified-Procedure.pdf,
‭Leather Safety Footwear With Direct Moulded Pvc Soles‬,IS 14605,,Mandatory,ISI Mark (Scheme I),List of Products Under Simplified Procedure,https://www.bis.gov.in/wp-content/uploads/2024/11/List-of-Products-Under-Simplified-Procedure.pdf,
‭Irrigation Equipment - Micro Sprayer‬,IS 14606,,Mandatory,ISI Mark (Scheme I),List of Products Under Simplified Procedure,https://www.bis.gov.in/wp-content/uploads/2024/11/List-of-Products-Under-Simplified-Procedure.pdf,
‭Irrigation Equipment - Media Filter‬,IS 14724,,Mandatory,ISI Mark (Scheme I),List of Products Under Simplified Procedure,https://www.bis.gov.in/wp-content/uploads/2024/11/List-of-Products-Under-Simplified-Procedure.pdf,
‭Water Purifiers With Ultra-violet Disinfection‬,IS 14756,,Mandatory,ISI Mark (Scheme I),List of Products Under Simplified Procedure,https://www.bis.gov.in/wp-content/uploads/2024/11/List-of-Products-Under-Simplified-Procedure.pdf,
‭Stainless Steel Cooking Utensils‬,IS 14806,,Mandatory,ISI Mark (Scheme I),List of Products Under Simplified Procedure,https://www.bis.gov.in/wp-content/uploads/2024/11/List-of-Products-Under-Simplified-Procedure.pdf,
‭Azospirillum Inoculants‬,IS 14807,,Mandatory,ISI Mark (Scheme I),List of Products Under Simplified Procedure,https://www.bis.gov.in/wp-content/uploads/2024/11/List-of-Products-Under-Simplified-Procedure.pdf,
‭Phosphate Solubilising Bacterial Inoculant (PSBI)‬,IS 14933,,Mandatory,ISI Mark (Scheme I),List of Products Under Simplified Procedure,https://www.bis.gov.in/wp-content/uploads/2024/11/List-of-Products-Under-Simplified-Procedure.pdf,
‭High Pressure Fire Fighting Hose‬,IS 15073 (Part 2),,Mandatory,ISI Mark (Scheme I),List of Products Under Simplified Procedure,https://www.bis.gov.in/wp-content/uploads/2024/11/List-of-Products-Under-Simplified-Procedure.pdf,
‭Packaging Of Electric Detonator : Part 2 Corrugated Fibreboard Cases‬,IS 15265,,Mandatory,ISI Mark (Scheme I),List of Products Under Simplified Procedure,https://www.bis.gov.in/wp-content/uploads/2024/11/List-of-Products-Under-Simplified-Procedure.pdf,
‭lines of agricultural pumps‬,IS 15391,,Mandatory,ISI Mark (Scheme I),List of Products Under Simplified Procedure,https://www.bis.gov.in/wp-content/uploads/2024/11/List-of-Products-Under-Simplified-Procedure.pdf,
‭Cold Rolled Non-oriented Electrical Steel Sheet And Strip - Semi-processed Type‬,IS 15559,,Mandatory,ISI Mark (Scheme I),List of Products Under Simplified Procedure,https://www.bis.gov.in/wp-content/uploads/2024/11/List-of-Products-Under-Simplified-Procedure.pdf,
‭Polyester Strapping‬,IS 15573,,Mandatory,ISI Mark (Scheme I),List of Products Under Simplified Procedure,https://www.bis.gov.in/wp-content/uploads/2024/11/List-of-Products-Under-Simplified-Procedure.pdf,
‭Polyaluminium Chloride‬,IS 15623,,Mandatory,ISI Mark (Scheme I),List of Products Under Simplified Procedure,https://www.bis.gov.in/wp-content/uploads/2024/11/List-of-Products-Under-Simplified-Procedure.pdf,
"‭Melamine (2 , 4, 6 Triamino 1, 3, 5 Triazine)‬‭(*)‬",IS 15787,,Mandatory,ISI Mark (Scheme I),List of Products Under Simplified Procedure,https://www.bis.gov.in/wp-content/uploads/2024/11/List-of-Products-Under-Simplified-Procedure.pdf,
‭Switch-socket-outlets (non-interlock Type)‬,IS 15809,,Mandatory,ISI Mark (Scheme I),List of Products Under Simplified Procedure,https://www.bis.gov.in/wp-content/uploads/2024/11/List-of-Products-Under-Simplified-Procedure.pdf,
‭High Visibility Warning Clothes‬,IS 15852,,Mandatory,ISI Mark (Scheme I),List of Products Under Simplified Procedure,https://www.bis.gov.in/wp-content/uploads/2024/11/List-of-Products-Under-Simplified-Procedure.pdf,
‭Textiles - Woven shirtings made of cotton man-made fibres/filaments and their blends‬,IS 15853,,Mandatory,ISI Mark (Scheme I),List of Products Under Simplified Procedure,https://www.bis.gov.in/wp-content/uploads/2024/11/List-of-Products-Under-Simplified-Procedure.pdf,
‭Textiles - Woven suitings made of cotton man-made fibres/filaments and their blends‬,IS 15905,,Mandatory,ISI Mark (Scheme I),List of Products Under Simplified Procedure,https://www.bis.gov.in/wp-content/uploads/2024/11/List-of-Products-Under-Simplified-Procedure.pdf,
[Page 20],IS 15914,,Mandatory,ISI Mark (Scheme I),List of Products Under Simplified Procedure,https://www.bis.gov.in/wp-content/uploads/2024/11/List-of-Products-Under-Simplified-Procedure.pdf,
‭manufacture of welded gas cylinder‬,IS 16008 (Part 1),,Mandatory,ISI Mark (Scheme I),List of Products Under Simplified Procedure,https://www.bis.gov.in/wp-content/uploads/2024/11/List-of-Products-Under-Simplified-Procedure.pdf,
‭made from tape yarns‬,IS 16008 (Part 2),,Mandatory,ISI Mark (Scheme I),List of Products Under Simplified Procedure,https://www.bis.gov.in/wp-content/uploads/2024/11/List-of-Products-Under-Simplified-Procedure.pdf,
‭made from mono filament yarns‬,IS 16014,,Mandatory,ISI Mark (Scheme I),List of Products Under Simplified Procedure,https://www.bis.gov.in/wp-content/uploads/2024/11/List-of-Products-Under-Simplified-Procedure.pdf,
‭and rock fall netting (galvanized steel wire or galvanized steel wire with PVC coating)‬,IS 16131,,Mandatory,ISI Mark (Scheme I),List of Products Under Simplified Procedure,https://www.bis.gov.in/wp-content/uploads/2024/11/List-of-Products-Under-Simplified-Procedure.pdf,
‭Imidacloprid Suspension Concentrate (SC)‬,IS 16145,,Mandatory,ISI Mark (Scheme I),List of Products Under Simplified Procedure,https://www.bis.gov.in/wp-content/uploads/2024/11/List-of-Products-Under-Simplified-Procedure.pdf,
‭Fipronil Suspension Concentrate (SC)‬,IS 16190,,Mandatory,ISI Mark (Scheme I),List of Products Under Simplified Procedure,https://www.bis.gov.in/wp-content/uploads/2024/11/List-of-Products-Under-Simplified-Procedure.pdf,
‭irrigation purpose‬,IS 16246,,Mandatory,ISI Mark (Scheme I),List of Products Under Simplified Procedure,https://www.bis.gov.in/wp-content/uploads/2024/11/List-of-Products-Under-Simplified-Procedure.pdf,
‭Elastomer Insulated Cables With Limited Circuit Integrity When Affected by Fire‬,IS 16513,,Mandatory,ISI Mark (Scheme I),List of Products Under Simplified Procedure,https://www.bis.gov.in/wp-content/uploads/2024/11/List-of-Products-Under-Simplified-Procedure.pdf,
‭Agro textiles - Insect nets for agriculture and horticulture purposes‬,IS 1658,,Mandatory,ISI Mark (Scheme I),List of Products Under Simplified Procedure,https://www.bis.gov.in/wp-content/uploads/2024/11/List-of-Products-Under-Simplified-Procedure.pdf,fine
‭Fibre Hardboards‬,IS 16715,,Mandatory,ISI Mark (Scheme I),List of Products Under Simplified Procedure,https://www.bis.gov.in/wp-content/uploads/2024/11/List-of-Products-Under-Simplified-Procedure.pdf,fine
‭Ultrafine Ground Granulated Blast Furnace Slag‬,IS 1694,,Mandatory,ISI Mark (Scheme I),List of Products Under Simplified Procedure,https://www.bis.gov.in/wp-content/uploads/2024/11/List-of-Products-Under-Simplified-Procedure.pdf,fine
"‭Tartrazine, Food Grade‬",IS 170,,Mandatory,ISI Mark (Scheme I),List of Products Under Simplified Procedure,https://www.bis.gov.in/wp-content/uploads/2024/11/List-of-Products-Under-Simplified-Procedure.pdf,fine
‭Acetone‬,IS 17048,,Mandatory,ISI Mark (Scheme I),List of Products Under Simplified Procedure,https://www.bis.gov.in/wp-content/uploads/2024/11/List-of-Products-Under-Simplified-Procedure.pdf,
‭Including 1 100 Volts‬,IS 1726,,Mandatory,ISI Mark (Scheme I),List of Products Under Simplified Procedure,https://www.bis.gov.in/wp-content/uploads/2024/11/List-of-Products-Under-Simplified-Procedure.pdf,
‭Cast Iron Manhole Covers And Frames‬,IS 177,,Mandatory,ISI Mark (Scheme I),List of Products Under Simplified Procedure,https://www.bis.gov.in/wp-content/uploads/2024/11/List-of-Products-Under-Simplified-Procedure.pdf,
‭Cotton Drills‬,IS 1838 (Part 1),,Mandatory,ISI Mark (Scheme I),List of Products Under Simplified Procedure,https://www.bis.gov.in/wp-content/uploads/2024/11/List-of-Products-Under-Simplified-Procedure.pdf,
‭Extruding And Resilient Type): Part 1 Bitumen Impregnated Fibre‬,IS 1848 (Part 1),,Mandatory,ISI Mark (Scheme I),List of Products Under Simplified Procedure,https://www.bis.gov.in/wp-content/uploads/2024/11/List-of-Products-Under-Simplified-Procedure.pdf,
‭Printing White Super Calendered and Typewriting Types‬,IS 1848 (Part 2),,Mandatory,ISI Mark (Scheme I),List of Products Under Simplified Procedure,https://www.bis.gov.in/wp-content/uploads/2024/11/List-of-Products-Under-Simplified-Procedure.pdf,
‭types‬,IS 1989 (Part 1),,Mandatory,ISI Mark (Scheme I),List of Products Under Simplified Procedure,https://www.bis.gov.in/wp-content/uploads/2024/11/List-of-Products-Under-Simplified-Procedure.pdf,
‭Leather Safety Boots and Shoes - Part 1 : For Miners‬,IS 2041,,Mandatory,ISI Mark (Scheme I),List of Products Under Simplified Procedure,https://www.bis.gov.in/wp-content/uploads/2024/11/List-of-Products-Under-Simplified-Procedure.pdf,
‭Steel plates for pressure vessels used at moderate and low temperature‬,IS 2046,,Mandatory,ISI Mark (Scheme I),List of Products Under Simplified Procedure,https://www.bis.gov.in/wp-content/uploads/2024/11/List-of-Products-Under-Simplified-Procedure.pdf,
‭Decorative thermosetting synthetic resin bonded laminated sheets‬,IS 2403,,Mandatory,ISI Mark (Scheme I),List of Products Under Simplified Procedure,https://www.bis.gov.in/wp-content/uploads/2024/11/List-of-Products-Under-Simplified-Procedure.pdf,
‭Chain Sprockets‬,IS 2414,,Mandatory,ISI Mark (Scheme I),List of Products Under Simplified Procedure,https://www.bis.gov.in/wp-content/uploads/2024/11/List-of-Products-Under-Simplified-Procedure.pdf,
‭Cycle And Rickshaw Pneumatic Tyres‬,IS 2552,,Mandatory,ISI Mark (Scheme I),List of Products Under Simplified Procedure,https://www.bis.gov.in/wp-content/uploads/2024/11/List-of-Products-Under-Simplified-Procedure.pdf,
‭Steel Drums (galvanized and Ungalvanized)‬,IS 2556 (Part 3),,Mandatory,ISI Mark (Scheme I),List of Products Under Simplified Procedure,https://www.bis.gov.in/wp-content/uploads/2024/11/List-of-Products-Under-Simplified-Procedure.pdf,
‭Squatting Pans‬,IS 2871,,Mandatory,ISI Mark (Scheme I),List of Products Under Simplified Procedure,https://www.bis.gov.in/wp-content/uploads/2024/11/List-of-Products-Under-Simplified-Procedure.pdf,
"‭Branch Pipe, Universal for Fire Fighting Purpose‬",IS 2933,,Mandatory,ISI Mark (Scheme I),List of Products Under Simplified Procedure,https://www.bis.gov.in/wp-content/uploads/2024/11/List-of-Products-Under-Simplified-Procedure.pdf,
"‭Enamel Exterior (a) Undercoating, (b) Finishing‬",IS 3118,,Mandatory,ISI Mark (Scheme I),List of Products Under Simplified Procedure,https://www.bis.gov.in/wp-content/uploads/2024/11/List-of-Products-Under-Simplified-Procedure.pdf,
‭Electric Bacteriological Incubators‬,IS 3650,,Mandatory,ISI Mark (Scheme I),List of Products Under Simplified Procedure,https://www.bis.gov.in/wp-content/uploads/2024/11/List-of-Products-Under-Simplified-Procedure.pdf,
‭Combination Side Cutting Pliers‬,IS 3735,,Mandatory,ISI Mark (Scheme I),List of Products Under Simplified Procedure,https://www.bis.gov.in/wp-content/uploads/2024/11/List-of-Products-Under-Simplified-Procedure.pdf,
"‭Canvas Shoes, Rubber Sole‬",IS 3736,,Mandatory,ISI Mark (Scheme I),List of Products Under Simplified Procedure,https://www.bis.gov.in/wp-content/uploads/2024/11/List-of-Products-Under-Simplified-Procedure.pdf,
[Page 21],IS 3768,,Mandatory,ISI Mark (Scheme I),List of Products Under Simplified Procedure,https://www.bis.gov.in/wp-content/uploads/2024/11/List-of-Products-Under-Simplified-Procedure.pdf,
"‭Ventilation Ducting - Vinyl Coated, Flexible and Semi-rigid‬‭(*)‬",IS 3902,,Mandatory,ISI Mark (Scheme I),List of Products Under Simplified Procedure,https://www.bis.gov.in/wp-content/uploads/2024/11/List-of-Products-Under-Simplified-Procedure.pdf,
"‭Dimethoate, Technical‬",IS 4038,,Mandatory,ISI Mark (Scheme I),List of Products Under Simplified Procedure,https://www.bis.gov.in/wp-content/uploads/2024/11/List-of-Products-Under-Simplified-Procedure.pdf,
‭Foot Valves For Water Works Purposes‬,IS 4948,,Mandatory,ISI Mark (Scheme I),List of Products Under Simplified Procedure,https://www.bis.gov.in/wp-content/uploads/2024/11/List-of-Products-Under-Simplified-Procedure.pdf,
‭Welded Steel Wire Fabric For General Use‬,IS 5191,,Mandatory,ISI Mark (Scheme I),List of Products Under Simplified Procedure,https://www.bis.gov.in/wp-content/uploads/2024/11/List-of-Products-Under-Simplified-Procedure.pdf,
"‭Sodium Alginate, Food Grade‬",IS 5484,,Mandatory,ISI Mark (Scheme I),List of Products Under Simplified Procedure,https://www.bis.gov.in/wp-content/uploads/2024/11/List-of-Products-Under-Simplified-Procedure.pdf,
‭EC Grade Aluminium Rod produced by Continuous Casting and Rolling‬,IS 5517,,Mandatory,ISI Mark (Scheme I),List of Products Under Simplified Procedure,https://www.bis.gov.in/wp-content/uploads/2024/11/List-of-Products-Under-Simplified-Procedure.pdf,
‭Steels For Hardening and Tempering‬,IS 5820,,Mandatory,ISI Mark (Scheme I),List of Products Under Simplified Procedure,https://www.bis.gov.in/wp-content/uploads/2024/11/List-of-Products-Under-Simplified-Procedure.pdf,
‭Precast Concrete Cable Covers‬,IS 5852 (Part 1),,Mandatory,ISI Mark (Scheme I),List of Products Under Simplified Procedure,https://www.bis.gov.in/wp-content/uploads/2024/11/List-of-Products-Under-Simplified-Procedure.pdf,
‭Toe Caps For Protection Of Feet Part 1 Metallic Toe Caps‬,IS 623,,Mandatory,ISI Mark (Scheme I),List of Products Under Simplified Procedure,https://www.bis.gov.in/wp-content/uploads/2024/11/List-of-Products-Under-Simplified-Procedure.pdf,
‭Bicycle - Bicycle Frames ( Amalgamating Si 3404: 1979)‬,IS 6312,,Mandatory,ISI Mark (Scheme I),List of Products Under Simplified Procedure,https://www.bis.gov.in/wp-content/uploads/2024/11/List-of-Products-Under-Simplified-Procedure.pdf,
‭Polyethylene Containers For The Transport Of Materials‬,IS 638,,Mandatory,ISI Mark (Scheme I),List of Products Under Simplified Procedure,https://www.bis.gov.in/wp-content/uploads/2024/11/List-of-Products-Under-Simplified-Procedure.pdf,
‭Sheet Rubber Jointing And Rubber Insertion Jointing‬,IS 6419,,Mandatory,ISI Mark (Scheme I),List of Products Under Simplified Procedure,https://www.bis.gov.in/wp-content/uploads/2024/11/List-of-Products-Under-Simplified-Procedure.pdf,
‭Welding Rods And Bare Electrodes For Gas Shielded Arc Welding Of Structural Steel‬,IS 6803,,Mandatory,ISI Mark (Scheme I),List of Products Under Simplified Procedure,https://www.bis.gov.in/wp-content/uploads/2024/11/List-of-Products-Under-Simplified-Procedure.pdf,
‭Special Proofed Canvas And Duck‬,IS 6956,,Mandatory,ISI Mark (Scheme I),List of Products Under Simplified Procedure,https://www.bis.gov.in/wp-content/uploads/2024/11/List-of-Products-Under-Simplified-Procedure.pdf,
‭Cover Paper‬,IS 712,,Mandatory,ISI Mark (Scheme I),List of Products Under Simplified Procedure,https://www.bis.gov.in/wp-content/uploads/2024/11/List-of-Products-Under-Simplified-Procedure.pdf,
‭Building Limes‬,IS 7372,,Mandatory,ISI Mark (Scheme I),List of Products Under Simplified Procedure,https://www.bis.gov.in/wp-content/uploads/2024/11/List-of-Products-Under-Simplified-Procedure.pdf,
‭Lead-acid Storage Batteries For Motor Vehicles‬,IS 7904,,Mandatory,ISI Mark (Scheme I),List of Products Under Simplified Procedure,https://www.bis.gov.in/wp-content/uploads/2024/11/List-of-Products-Under-Simplified-Procedure.pdf,
‭High Carbon Steel Wire Rods‬,IS 8035,,Mandatory,ISI Mark (Scheme I),List of Products Under Simplified Procedure,https://www.bis.gov.in/wp-content/uploads/2024/11/List-of-Products-Under-Simplified-Procedure.pdf,
‭Handpump - Shallow Well‬,IS 8249,,Mandatory,ISI Mark (Scheme I),List of Products Under Simplified Procedure,https://www.bis.gov.in/wp-content/uploads/2024/11/List-of-Products-Under-Simplified-Procedure.pdf,
"‭Zinc Sulphate Heptahydrate, Agricultural Grade‬",IS 9473,,Mandatory,ISI Mark (Scheme I),List of Products Under Simplified Procedure,https://www.bis.gov.in/wp-content/uploads/2024/11/List-of-Products-Under-Simplified-Procedure.pdf,
‭Respiratory Protective Devices - Filtering Half Masks to Protect Against Particles‬,IS 16289,,Mandatory,ISI Mark (Scheme I),List of Products Under Simplified Procedure,https://www.bis.gov.in/wp-content/uploads/2024/11/List-of-Products-Under-Simplified-Procedure.pdf,
‭Medical Textiles Surgical Face Masks‬,IS 8418,,Mandatory,ISI Mark (Scheme I),List of Products Under Simplified Procedure,https://www.bis.gov.in/wp-content/uploads/2024/11/List-of-Products-Under-Simplified-Procedure.pdf,
‭Horizontal Centrifugal Self-priming Pumps‬,IS 9873 (Part 1),,Mandatory,ISI Mark (Scheme I),List of Products Under Simplified Procedure,https://www.bis.gov.in/wp-content/uploads/2024/11/List-of-Products-Under-Simplified-Procedure.pdf,
‭Safety Of Toys‬,IS 15644,,Mandatory,ISI Mark (Scheme I),List of Products Under Simplified Procedure,https://www.bis.gov.in/wp-content/uploads/2024/11/List-of-Products-Under-Simplified-Procedure.pdf,
‭Safety of Electric Toys‬,IS 16192 (Part 3),,Mandatory,ISI Mark (Scheme I),List of Products Under Simplified Procedure,https://www.bis.gov.in/wp-content/uploads/2024/11/List-of-Products-Under-Simplified-Procedure.pdf,
‭Tests and Requirements‬,IS 9997,,Mandatory,ISI Mark (Scheme I),List of Products Under Simplified Procedure,https://www.bis.gov.in/wp-content/uploads/2024/11/List-of-Products-Under-Simplified-Procedure.pdf,
‭Aluminium alloy redraw rods for electrical purposes‬,IS 3617,,Mandatory,ISI Mark (Scheme I),List of Products Under Simplified Procedure,https://www.bis.gov.in/wp-content/uploads/2024/11/List-of-Products-Under-Simplified-Procedure.pdf,
"‭Textiles – Gent’s pullover, knitted‬",IS 17012,,Mandatory,ISI Mark (Scheme I),List of Products Under Simplified Procedure,https://www.bis.gov.in/wp-content/uploads/2024/11/List-of-Products-Under-Simplified-Procedure.pdf,
‭High ankle tactical boots with pu - Rubber sole‬,IS 9516,,Mandatory,ISI Mark (Scheme I),List of Products Under Simplified Procedure,https://www.bis.gov.in/wp-content/uploads/2024/11/List-of-Products-Under-Simplified-Procedure.pdf,
‭Heat resisting steels‬,IS 17037,,Mandatory,ISI Mark (Scheme I),List of Products Under Simplified Procedure,https://www.bis.gov.in/wp-content/uploads/2024/11/List-of-Products-Under-Simplified-Procedure.pdf,
‭Anti riot shoes‬,IS 17043 (Part 1),,Mandatory,ISI Mark (Scheme I),List of Products Under Simplified Procedure,https://www.bis.gov.in/wp-content/uploads/2024/11/List-of-Products-Under-Simplified-Procedure.pdf,
‭Shoes - Part 1 Shoes for Services‬,IS 14550,,Mandatory,ISI Mark (Scheme I),List of Products Under Simplified Procedure,https://www.bis.gov.in/wp-content/uploads/2024/11/List-of-Products-Under-Simplified-Procedure.pdf,
"‭Hexaconazole, EC‬",IS 17266,,Mandatory,ISI Mark (Scheme I),List of Products Under Simplified Procedure,https://www.bis.gov.in/wp-content/uploads/2024/11/List-of-Products-Under-Simplified-Procedure.pdf,
‭Textiles - Viscose staple fibres‬,IS 17042 (Part 1),,Mandatory,ISI Mark (Scheme I),List of Products Under Simplified Procedure,https://www.bis.gov.in/wp-content/uploads/2024/11/List-of-Products-Under-Simplified-Procedure.pdf,
‭Diesel engines - NOx reduction agent AUS 32 - quality requirements‬,IS 3521 (Part 2),,Mandatory,ISI Mark (Scheme I),List of Products Under Simplified Procedure,https://www.bis.gov.in/wp-content/uploads/2024/11/List-of-Products-Under-Simplified-Procedure.pdf,
‭Personal fall arrest systems - Lanyards & energy absorbers‬,IS 14166,,Mandatory,ISI Mark (Scheme I),List of Products Under Simplified Procedure,https://www.bis.gov.in/wp-content/uploads/2024/11/List-of-Products-Under-Simplified-Procedure.pdf,
‭Respiratory protective devices - Full face masks‬,IS 7872,,Mandatory,ISI Mark (Scheme I),List of Products Under Simplified Procedure,https://www.bis.gov.in/wp-content/uploads/2024/11/List-of-Products-Under-Simplified-Procedure.pdf,
‭Deep freezers‬,IS 17550 (Part 1),,Mandatory,ISI Mark (Scheme I),List of Products Under Simplified Procedure,https://www.bis.gov.in/wp-content/uploads/2024/11/List-of-Products-Under-Simplified-Procedure.pdf,
‭requirements‬,IS 367,,Mandatory,ISI Mark (Scheme I),List of Products Under Simplified Procedure,https://www.bis.gov.in/wp-content/uploads/2024/11/List-of-Products-Under-Simplified-Procedure.pdf,
‭Electric kettles and jugs for household and similar use‬,IS 1180 (Part 3),,Mandatory,ISI Mark (Scheme I),List of Products Under Simplified Procedure,https://www.bis.gov.in/wp-content/uploads/2024/11/List-of-Products-Under-Simplified-Procedure.pdf,
"‭500 kVA, 33 kV Part 3 Natural/Synthetic Organic Ester Liquid Immersed‬",IS 17505 (Part 1),,Mandatory,ISI Mark (Scheme I),List of Products Under Simplified Procedure,https://www.bis.gov.in/wp-content/uploads/2024/11/List-of-Products-Under-Simplified-Procedure.pdf,
‭upto and including 1100 Vac and 1500 V dc‬,IS 302,,Mandatory,ISI Mark (Scheme I),List of Products Under Simplified Procedure,https://www.bis.gov.in/wp-content/uploads/2024/11/List-of-Products-Under-Simplified-Procedure.pdf,
‭for Self-Testing in Managing Diabetes Mellitus‬,IS 3614,,Mandatory,ISI Mark (Scheme I),List of Products Under Simplified Procedure,https://www.bis.gov.in/wp-content/uploads/2024/11/List-of-Products-Under-Simplified-Procedure.pdf,
‭Fire Doors and Assembly‬,IS 17546,,Mandatory,ISI Mark (Scheme I),List of Products Under Simplified Procedure,https://www.bis.gov.in/wp-content/uploads/2024/11/List-of-Products-Under-Simplified-Procedure.pdf,
‭supplies‬,IS 8008 (Part 1),,Mandatory,ISI Mark (Scheme I),List of Products Under Simplified Procedure,https://www.bis.gov.in/wp-content/uploads/2024/11/List-of-Products-Under-Simplified-Procedure.pdf,
‭Water Supplies - Part 1 : General Requirements for Fittings‬,IS 10238,,Mandatory,ISI Mark (Scheme I),List of Products Under Simplified Procedure,https://www.bis.gov.in/wp-content/uploads/2024/11/List-of-Products-Under-Simplified-Procedure.pdf,
‭Fasteners - Threaded steel fasteners - Step bolts for steel structures‬,IS 1363 (Part 2),,Mandatory,ISI Mark (Scheme I),List of Products Under Simplified Procedure,https://www.bis.gov.in/wp-content/uploads/2024/11/List-of-Products-Under-Simplified-Procedure.pdf,
‭(Size range M5 to M64)‬,IS 1364 (Part 1),,Mandatory,ISI Mark (Scheme I),List of Products Under Simplified Procedure,https://www.bis.gov.in/wp-content/uploads/2024/11/List-of-Products-Under-Simplified-Procedure.pdf,
‭bolts (Size range M1.6 to M64)‬,IS 1364 (Part 2),,Mandatory,ISI Mark (Scheme I),List of Products Under Simplified Procedure,https://www.bis.gov.in/wp-content/uploads/2024/11/List-of-Products-Under-Simplified-Procedure.pdf,
‭screws (Size range M1.6 to M64)‬,IS 14407,,Mandatory,ISI Mark (Scheme I),List of Products Under Simplified Procedure,https://www.bis.gov.in/wp-content/uploads/2024/11/List-of-Products-Under-Simplified-Procedure.pdf,
‭Aluminium cans for beverages‬,IS 18471 (Part 1),,Mandatory,ISI Mark (Scheme I),List of Products Under Simplified Procedure,https://www.bis.gov.in/wp-content/uploads/2024/11/List-of-Products-Under-Simplified-Procedure.pdf,
‭Fasteners - Cross recessed drilling screws with tapping screw thread - Part 1 Pan head‬,IS 18471 (Part 2),,Mandatory,ISI Mark (Scheme I),List of Products Under Simplified Procedure,https://www.bis.gov.in/wp-content/uploads/2024/11/List-of-Products-Under-Simplified-Procedure.pdf,
‭head‬,IS 18476,,Mandatory,ISI Mark (Scheme I),List of Products Under Simplified Procedure,https://www.bis.gov.in/wp-content/uploads/2024/11/List-of-Products-Under-Simplified-Procedure.pdf,
‭Fasteners - Hexagon Washer Head Drilling Screws with Tapping Screw Thread‬,IS 18480 (Part 1),,Mandatory,ISI Mark (Scheme I),List of Products Under Simplified Procedure,https://www.bis.gov.in/wp-content/uploads/2024/11/List-of-Products-Under-Simplified-Procedure.pdf,
‭Cross Recessed Tapping Screws: Part 1 Pan Head‬,IS 18480 (Part 2),,Mandatory,ISI Mark (Scheme I),List of Products Under Simplified Procedure,https://www.bis.gov.in/wp-content/uploads/2024/11/List-of-Products-Under-Simplified-Procedure.pdf,
‭Cross Recessed Tapping Screws Part 2 Countersunk Flat Head‬,IS 18507,,Mandatory,ISI Mark (Scheme I),List of Products Under Simplified Procedure,https://www.bis.gov.in/wp-content/uploads/2024/11/List-of-Products-Under-Simplified-Procedure.pdf,
‭Drywall Screws‬,IS 18508,,Mandatory,ISI Mark (Scheme I),List of Products Under Simplified Procedure,https://www.bis.gov.in/wp-content/uploads/2024/11/List-of-Products-Under-Simplified-Procedure.pdf,
‭Chipboard Screws‬,IS 2494 (Part 2),,Mandatory,ISI Mark (Scheme I),List of Products Under Simplified Procedure,https://www.bis.gov.in/wp-content/uploads/2024/11/List-of-Products-Under-Simplified-Procedure.pdf,
‭- Belts‬,IS 3757,,Mandatory,ISI Mark (Scheme I),List of Products Under Simplified Procedure,https://www.bis.gov.in/wp-content/uploads/2024/11/List-of-Products-Under-Simplified-Procedure.pdf,
‭High strength structural bolts‬,IS 1364 (Part 3),,Mandatory,ISI Mark (Scheme I),List of Products Under Simplified Procedure,https://www.bis.gov.in/wp-content/uploads/2024/11/List-of-Products-Under-Simplified-Procedure.pdf,
‭Style 1 (Size Range M 1.6 To M 64) (*)‬,IS 14394,,Mandatory,ISI Mark (Scheme I),List of Products Under Simplified Procedure,https://www.bis.gov.in/wp-content/uploads/2024/11/List-of-Products-Under-Simplified-Procedure.pdf,
‭Range M12 To M36) (*)‬,IS 18427,,Mandatory,ISI Mark (Scheme I),List of Products Under Simplified Procedure,https://www.bis.gov.in/wp-content/uploads/2024/11/List-of-Products-Under-Simplified-Procedure.pdf,
‭Three piece round open top metal cans for foods and beverages (*)‬,IS 4296 (Part 2),,Mandatory,ISI Mark (Scheme I),List of Products Under Simplified Procedure,https://www.bis.gov.in/wp-content/uploads/2024/11/List-of-Products-Under-Simplified-Procedure.pdf,
‭shank (*)‬,IS 4328,,Mandatory,ISI Mark (Scheme I),List of Products Under Simplified Procedure,https://www.bis.gov.in/wp-content/uploads/2024/11/List-of-Products-Under-Simplified-Procedure.pdf,
‭Monocular dissecting microscope (*)‬,IS 6590,,Mandatory,ISI Mark (Scheme I),List of Products Under Simplified Procedure,https://www.bis.gov.in/wp-content/uploads/2024/11/List-of-Products-Under-Simplified-Procedure.pdf,
‭Ropes for mountaineering‬,IS 6623,,Mandatory,ISI Mark (Scheme I),List of Products Under Simplified Procedure,https://www.bis.gov.in/wp-content/uploads/2024/11/List-of-Products-Under-Simplified-Procedure.pdf,
‭High strength structural nuts‬,IS 6649,,Mandatory,ISI Mark (Scheme I),List of Products Under Simplified Procedure,https://www.bis.gov.in/wp-content/uploads/2024/11/List-of-Products-Under-Simplified-Procedure.pdf,
[Page 23],IS 7483,,Mandatory,ISI Mark (Scheme I),List of Products Under Simplified Procedure,https://www.bis.gov.in/wp-content/uploads/2024/11/List-of-Products-Under-Simplified-Procedure.pdf,
‭Pan Head Screws With Type H or Type Z Cross Recess - Product Grade A‬,IS 7485 (Part 1),,Mandatory,ISI Mark (Scheme I),List of Products Under Simplified Procedure,https://www.bis.gov.in/wp-content/uploads/2024/11/List-of-Products-Under-Simplified-Procedure.pdf,
‭Recess - Product Grade A Part 1 Steel Screws of Property Class 4.8‬,IS 7485 (Part 2),,Mandatory,ISI Mark (Scheme I),List of Products Under Simplified Procedure,https://www.bis.gov.in/wp-content/uploads/2024/11/List-of-Products-Under-Simplified-Procedure.pdf,
‭Non - Ferrous Metal Screws‬,IS 7486,,Mandatory,ISI Mark (Scheme I),List of Products Under Simplified Procedure,https://www.bis.gov.in/wp-content/uploads/2024/11/List-of-Products-Under-Simplified-Procedure.pdf,
‭recess - Product grade A‬,IS 8156,,Mandatory,ISI Mark (Scheme I),List of Products Under Simplified Procedure,https://www.bis.gov.in/wp-content/uploads/2024/11/List-of-Products-Under-Simplified-Procedure.pdf,
‭Textiles - Synthetic hook and loop tape fastener for consumer goods‬,IS 17293,,Mandatory,ISI Mark (Scheme I),List of Products Under Simplified Procedure,https://www.bis.gov.in/wp-content/uploads/2024/11/List-of-Products-Under-Simplified-Procedure.pdf,
‭Electric Cables for Photovoltaic Systems for Rated Voltage 1 500 V d.c.‬,IS 2215,,Mandatory,ISI Mark (Scheme I),List of Products Under Simplified Procedure,https://www.bis.gov.in/wp-content/uploads/2024/11/List-of-Products-Under-Simplified-Procedure.pdf,
‭Starters for fluorescent lamps‬,IS 2418 (Part 1),,Mandatory,ISI Mark (Scheme I),List of Products Under Simplified Procedure,https://www.bis.gov.in/wp-content/uploads/2024/11/List-of-Products-Under-Simplified-Procedure.pdf,
‭Tubular fluorescent lamps for general lighting service: Part 1 safety requirements‬,IS 302,,Mandatory,ISI Mark (Scheme I),List of Products Under Simplified Procedure,https://www.bis.gov.in/wp-content/uploads/2024/11/List-of-Products-Under-Simplified-Procedure.pdf,
‭15 appliances for heating liquids‬,IS 302,,Mandatory,ISI Mark (Scheme I),List of Products Under Simplified Procedure,https://www.bis.gov.in/wp-content/uploads/2024/11/List-of-Products-Under-Simplified-Procedure.pdf,
‭202 electric stoves‬,IS 302,,Mandatory,ISI Mark (Scheme I),List of Products Under Simplified Procedure,https://www.bis.gov.in/wp-content/uploads/2024/11/List-of-Products-Under-Simplified-Procedure.pdf,
‭Section 21 Storage Water Heaters‬,IS 302,,Mandatory,ISI Mark (Scheme I),List of Products Under Simplified Procedure,https://www.bis.gov.in/wp-content/uploads/2024/11/List-of-Products-Under-Simplified-Procedure.pdf,
‭23 appliances for skin or hair care‬,IS 302,,Mandatory,ISI Mark (Scheme I),List of Products Under Simplified Procedure,https://www.bis.gov.in/wp-content/uploads/2024/11/List-of-Products-Under-Simplified-Procedure.pdf,
‭31 range hoods‬,IS 302,,Mandatory,ISI Mark (Scheme I),List of Products Under Simplified Procedure,https://www.bis.gov.in/wp-content/uploads/2024/11/List-of-Products-Under-Simplified-Procedure.pdf,
‭35 electric instantaneous water heaters‬,IS 302,,Mandatory,ISI Mark (Scheme I),List of Products Under Simplified Procedure,https://www.bis.gov.in/wp-content/uploads/2024/11/List-of-Products-Under-Simplified-Procedure.pdf,
‭7 domestic electric clothes washing machines‬,IS 302,,Mandatory,ISI Mark (Scheme I),List of Products Under Simplified Procedure,https://www.bis.gov.in/wp-content/uploads/2024/11/List-of-Products-Under-Simplified-Procedure.pdf,
‭Section 75 Commercial Dispensing Appliances and Vending Machines‬,IS 302,,Mandatory,ISI Mark (Scheme I),List of Products Under Simplified Procedure,https://www.bis.gov.in/wp-content/uploads/2024/11/List-of-Products-Under-Simplified-Procedure.pdf,
‭76 electric fence energizers‬,IS 302,,Mandatory,ISI Mark (Scheme I),List of Products Under Simplified Procedure,https://www.bis.gov.in/wp-content/uploads/2024/11/List-of-Products-Under-Simplified-Procedure.pdf,
‭for fans‬,IS 398 (Part 6),,Mandatory,ISI Mark (Scheme I),List of Products Under Simplified Procedure,https://www.bis.gov.in/wp-content/uploads/2024/11/List-of-Products-Under-Simplified-Procedure.pdf,
‭Aluminium Alloy Stranded Conductors‬,IS 555,,Mandatory,ISI Mark (Scheme I),List of Products Under Simplified Procedure,https://www.bis.gov.in/wp-content/uploads/2024/11/List-of-Products-Under-Simplified-Procedure.pdf,
‭Explosive Atmospheres Part 11 Equipment Protection by Intrinsic Safety “i” (*)‬,IS 9567,,Mandatory,ISI Mark (Scheme I),List of Products Under Simplified Procedure,https://www.bis.gov.in/wp-content/uploads/2024/11/List-of-Products-Under-Simplified-Procedure.pdf,
‭Tin or tin - Lead coated copper wire‬,IS 11329,,Mandatory,ISI Mark (Scheme I),List of Products Under Simplified Procedure,https://www.bis.gov.in/wp-content/uploads/2024/11/List-of-Products-Under-Simplified-Procedure.pdf,
‭Finned type heat exchanger for room air conditioner‬,IS 11951,,Mandatory,ISI Mark (Scheme I),List of Products Under Simplified Procedure,https://www.bis.gov.in/wp-content/uploads/2024/11/List-of-Products-Under-Simplified-Procedure.pdf,
‭Pumpset for direct evaporative air cooler‬,IS 16286,,Mandatory,ISI Mark (Scheme I),List of Products Under Simplified Procedure,https://www.bis.gov.in/wp-content/uploads/2024/11/List-of-Products-Under-Simplified-Procedure.pdf,
‭Spoons‬,IS 16544,,Mandatory,ISI Mark (Scheme I),List of Products Under Simplified Procedure,https://www.bis.gov.in/wp-content/uploads/2024/11/List-of-Products-Under-Simplified-Procedure.pdf,
‭All glass evacuated tubes solar water heating system‬,IS 17153,,Mandatory,ISI Mark (Scheme I),List of Products Under Simplified Procedure,https://www.bis.gov.in/wp-content/uploads/2024/11/List-of-Products-Under-Simplified-Procedure.pdf,
‭Domestic gas stoves for use with piped natural gas (PNG)‬,IS 17569,,Mandatory,ISI Mark (Scheme I),List of Products Under Simplified Procedure,https://www.bis.gov.in/wp-content/uploads/2024/11/List-of-Products-Under-Simplified-Procedure.pdf,
‭Insulated Containers for Food Storage‬,IS 17570 (Part 1),,Mandatory,ISI Mark (Scheme I),List of Products Under Simplified Procedure,https://www.bis.gov.in/wp-content/uploads/2024/11/List-of-Products-Under-Simplified-Procedure.pdf,
[Page 24],IS 17681,,Mandatory,ISI Mark (Scheme I),List of Products Under Simplified Procedure,https://www.bis.gov.in/wp-content/uploads/2024/11/List-of-Products-Under-Simplified-Procedure.pdf,
‭Bottled water dispensers‬,IS 17790,,Mandatory,ISI Mark (Scheme I),List of Products Under Simplified Procedure,https://www.bis.gov.in/wp-content/uploads/2024/11/List-of-Products-Under-Simplified-Procedure.pdf,
‭Insulated flask for domestic use‬,IS 17526,,Mandatory,ISI Mark (Scheme I),List of Products Under Simplified Procedure,https://www.bis.gov.in/wp-content/uploads/2024/11/List-of-Products-Under-Simplified-Procedure.pdf,
‭Domestic stainless steel vacuum flask/bottle‬,IS 17803,,Mandatory,ISI Mark (Scheme I),List of Products Under Simplified Procedure,https://www.bis.gov.in/wp-content/uploads/2024/11/List-of-Products-Under-Simplified-Procedure.pdf,
‭Potable water bottle (Metallic)‬,IS 3315,,Mandatory,ISI Mark (Scheme I),List of Products Under Simplified Procedure,https://www.bis.gov.in/wp-content/uploads/2024/11/List-of-Products-Under-Simplified-Procedure.pdf,
‭Lighters - Safety‬,IS 14616,,Mandatory,ISI Mark (Scheme I),List of Products Under Simplified Procedure,https://www.bis.gov.in/wp-content/uploads/2024/11/List-of-Products-Under-Simplified-Procedure.pdf,
‭Laminated veneer lumber‬,IS 14845,,Mandatory,ISI Mark (Scheme I),List of Products Under Simplified Procedure,https://www.bis.gov.in/wp-content/uploads/2024/11/List-of-Products-Under-Simplified-Procedure.pdf,
‭Resilient seated cast iron air relief valves for water works purposes‬,IS 16651,,Mandatory,ISI Mark (Scheme I),List of Products Under Simplified Procedure,https://www.bis.gov.in/wp-content/uploads/2024/11/List-of-Products-Under-Simplified-Procedure.pdf,
‭High Strength Deformed Stainless Steel Bars and Wires for Concrete Reinforcement‬,IS 17633,,Mandatory,ISI Mark (Scheme I),List of Products Under Simplified Procedure,https://www.bis.gov.in/wp-content/uploads/2024/11/List-of-Products-Under-Simplified-Procedure.pdf,
‭Tables and Desks‬,IS 17634,,Mandatory,ISI Mark (Scheme I),List of Products Under Simplified Procedure,https://www.bis.gov.in/wp-content/uploads/2024/11/List-of-Products-Under-Simplified-Procedure.pdf,
‭Storage Units‬,IS 17682,,Mandatory,ISI Mark (Scheme I),List of Products Under Simplified Procedure,https://www.bis.gov.in/wp-content/uploads/2024/11/List-of-Products-Under-Simplified-Procedure.pdf,
‭Aluminium Composite Panel‬,IS 17953,,Mandatory,ISI Mark (Scheme I),List of Products Under Simplified Procedure,https://www.bis.gov.in/wp-content/uploads/2024/11/List-of-Products-Under-Simplified-Procedure.pdf,
‭uPVC Profiles for Windows And Doors‬,IS 17954,,Mandatory,ISI Mark (Scheme I),List of Products Under Simplified Procedure,https://www.bis.gov.in/wp-content/uploads/2024/11/List-of-Products-Under-Simplified-Procedure.pdf,
‭Telescopic ball bearing drawer slide‬,IS 18297,,Mandatory,ISI Mark (Scheme I),List of Products Under Simplified Procedure,https://www.bis.gov.in/wp-content/uploads/2024/11/List-of-Products-Under-Simplified-Procedure.pdf,
‭Cabinet Hinges‬,IS 2095 (Part 1),,Mandatory,ISI Mark (Scheme I),List of Products Under Simplified Procedure,https://www.bis.gov.in/wp-content/uploads/2024/11/List-of-Products-Under-Simplified-Procedure.pdf,
‭Gypsum plaster boards Part 1 plain gypsum plaster boards‬,IS 2191 (Part 2),,Mandatory,ISI Mark (Scheme I),List of Products Under Simplified Procedure,https://www.bis.gov.in/wp-content/uploads/2024/11/List-of-Products-Under-Simplified-Procedure.pdf,
‭panels‬,IS 2202 (Part 2),,Mandatory,ISI Mark (Scheme I),List of Products Under Simplified Procedure,https://www.bis.gov.in/wp-content/uploads/2024/11/List-of-Products-Under-Simplified-Procedure.pdf,
"‭board, medium density fibre board and fibre hardboard face panels‬",IS 2556 (Part 2),,Mandatory,ISI Mark (Scheme I),List of Products Under Simplified Procedure,https://www.bis.gov.in/wp-content/uploads/2024/11/List-of-Products-Under-Simplified-Procedure.pdf,
‭Closets (*)‬,IS 2556 (Part 4),,Mandatory,ISI Mark (Scheme I),List of Products Under Simplified Procedure,https://www.bis.gov.in/wp-content/uploads/2024/11/List-of-Products-Under-Simplified-Procedure.pdf,
‭basins (*)‬,IS 2556 (Part 6),,Mandatory,ISI Mark (Scheme I),List of Products Under Simplified Procedure,https://www.bis.gov.in/wp-content/uploads/2024/11/List-of-Products-Under-Simplified-Procedure.pdf,
‭plates (*)‬,IS 2556 (Part 7),,Mandatory,ISI Mark (Scheme I),List of Products Under Simplified Procedure,https://www.bis.gov.in/wp-content/uploads/2024/11/List-of-Products-Under-Simplified-Procedure.pdf,
‭accessories for sanitary appliances (*)‬,IS 2745,,Mandatory,ISI Mark (Scheme I),List of Products Under Simplified Procedure,https://www.bis.gov.in/wp-content/uploads/2024/11/List-of-Products-Under-Simplified-Procedure.pdf,
‭Non - Metal helmet for firemen and civil defence personnel‬,IS 4992,,Mandatory,ISI Mark (Scheme I),List of Products Under Simplified Procedure,https://www.bis.gov.in/wp-content/uploads/2024/11/List-of-Products-Under-Simplified-Procedure.pdf,
‭Door Handles for Mortice Locks‬,IS 9562,,Mandatory,ISI Mark (Scheme I),List of Products Under Simplified Procedure,https://www.bis.gov.in/wp-content/uploads/2024/11/List-of-Products-Under-Simplified-Procedure.pdf,
‭Non - Metal helmet for police force‬,IS 11785,,Mandatory,ISI Mark (Scheme I),List of Products Under Simplified Procedure,https://www.bis.gov.in/wp-content/uploads/2024/11/List-of-Products-Under-Simplified-Procedure.pdf,
‭Captan (Wettable Powder) WP (*)‬,IS 17043 (Part 2),,Mandatory,ISI Mark (Scheme I),List of Products Under Simplified Procedure,https://www.bis.gov.in/wp-content/uploads/2024/11/List-of-Products-Under-Simplified-Procedure.pdf,
‭Shoes - Part 2 Shoes for General Purpose‬,IS 16874,,Mandatory,ISI Mark (Scheme I),List of Products Under Simplified Procedure,https://www.bis.gov.in/wp-content/uploads/2024/11/List-of-Products-Under-Simplified-Procedure.pdf,
‭Textiles - Protective gloves for firefighters‬,IS 1897,,Mandatory,ISI Mark (Scheme I),List of Products Under Simplified Procedure,https://www.bis.gov.in/wp-content/uploads/2024/11/List-of-Products-Under-Simplified-Procedure.pdf,
‭Copper strip for electrical purposes‬,IS 428,,Mandatory,ISI Mark (Scheme I),List of Products Under Simplified Procedure,https://www.bis.gov.in/wp-content/uploads/2024/11/List-of-Products-Under-Simplified-Procedure.pdf,
‭Washable Distemper (*)‬,IS 16481,,Mandatory,ISI Mark (Scheme I),List of Products Under Simplified Procedure,https://www.bis.gov.in/wp-content/uploads/2024/11/List-of-Products-Under-Simplified-Procedure.pdf,
‭Textiles - Synthetic Micro Fibres for Use in Cement Based Matrix (*)‬,IS 16111,,Mandatory,ISI Mark (Scheme I),List of Products Under Simplified Procedure,https://www.bis.gov.in/wp-content/uploads/2024/11/List-of-Products-Under-Simplified-Procedure.pdf,
‭Elastic Bandage (*)‬,IS 10577,,Mandatory,ISI Mark (Scheme I),List of Products Under Simplified Procedure,https://www.bis.gov.in/wp-content/uploads/2024/11/List-of-Products-Under-Simplified-Procedure.pdf,
‭Lancing pipes (*)‬,IS 5295,,Mandatory,ISI Mark (Scheme I),List of Products Under Simplified Procedure,https://www.bis.gov.in/wp-content/uploads/2024/11/List-of-Products-Under-Simplified-Procedure.pdf,
‭Ethylene Glycol‬,IS 261,,Mandatory,ISI Mark (Scheme I),List of Products Under Simplified Procedure,https://www.bis.gov.in/wp-content/uploads/2024/11/List-of-Products-Under-Simplified-Procedure.pdf,
[Page 25],IS 2618,,Mandatory,ISI Mark (Scheme I),List of Products Under Simplified Procedure,https://www.bis.gov.in/wp-content/uploads/2024/11/List-of-Products-Under-Simplified-Procedure.pdf,
‭Laboratory glassware - Test tubes‬,IS 7056,,Mandatory,ISI Mark (Scheme I),List of Products Under Simplified Procedure,https://www.bis.gov.in/wp-content/uploads/2024/11/List-of-Products-Under-Simplified-Procedure.pdf,
‭Textiles - Cotton Towelling and Towels‬,IS 17788,,Mandatory,ISI Mark (Scheme I),List of Products Under Simplified Procedure,https://www.bis.gov.in/wp-content/uploads/2024/11/List-of-Products-Under-Simplified-Procedure.pdf,
‭Medical Textiles —  Nonwoven Fabric for Wipes‬,IS 517,,Mandatory,ISI Mark (Scheme I),List of Products Under Simplified Procedure,https://www.bis.gov.in/wp-content/uploads/2024/11/List-of-Products-Under-Simplified-Procedure.pdf,
‭Methanol (Methyl Alcohol)‬,IS 5158,,Mandatory,ISI Mark (Scheme I),List of Products Under Simplified Procedure,https://www.bis.gov.in/wp-content/uploads/2024/11/List-of-Products-Under-Simplified-Procedure.pdf,
"‭Phthalic Anhydride, Technical‬",IS 7532,,Mandatory,ISI Mark (Scheme I),List of Products Under Simplified Procedure,https://www.bis.gov.in/wp-content/uploads/2024/11/List-of-Products-Under-Simplified-Procedure.pdf,
‭Soft Soap (*)‬,IS 10908,,Mandatory,ISI Mark (Scheme I),List of Products Under Simplified Procedure,https://www.bis.gov.in/wp-content/uploads/2024/11/List-of-Products-Under-Simplified-Procedure.pdf,
‭Flexible rubber tubing for LPG (*)‬,IS 12540,,Mandatory,ISI Mark (Scheme I),List of Products Under Simplified Procedure,https://www.bis.gov.in/wp-content/uploads/2024/11/List-of-Products-Under-Simplified-Procedure.pdf,
‭Acrylonitrile (*)‬,IS 13489,,Mandatory,ISI Mark (Scheme I),List of Products Under Simplified Procedure,https://www.bis.gov.in/wp-content/uploads/2024/11/List-of-Products-Under-Simplified-Procedure.pdf,
‭Textiles - Bed Mattress (*)‬,IS 7328,,Mandatory,ISI Mark (Scheme I),List of Products Under Simplified Procedure,https://www.bis.gov.in/wp-content/uploads/2024/11/List-of-Products-Under-Simplified-Procedure.pdf,
‭Polyethylene Material for Moulding and Extrusion (*)‬,IS 4824,,Mandatory,ISI Mark (Scheme I),List of Products Under Simplified Procedure,https://www.bis.gov.in/wp-content/uploads/2024/11/List-of-Products-Under-Simplified-Procedure.pdf,
‭Bead wires for tyres‬,IS 1008,,Mandatory,ISI Mark (Scheme I),List of Products Under Simplified Procedure,https://www.bis.gov.in/wp-content/uploads/2024/11/List-of-Products-Under-Simplified-Procedure.pdf,
‭Sugar Boiled Confectionery (*)‬,IS 2385,,Mandatory,ISI Mark (Scheme I),List of Products Under Simplified Procedure,https://www.bis.gov.in/wp-content/uploads/2024/11/List-of-Products-Under-Simplified-Procedure.pdf,
‭Cold-Reduced Blackplate‬,IS 2653,,Mandatory,ISI Mark (Scheme I),List of Products Under Simplified Procedure,https://www.bis.gov.in/wp-content/uploads/2024/11/List-of-Products-Under-Simplified-Procedure.pdf,
‭Safety Matches in Boxes (*)‬,IS 10702,,Mandatory,ISI Mark (Scheme I),List of Products Under Simplified Procedure,https://www.bis.gov.in/wp-content/uploads/2024/11/List-of-Products-Under-Simplified-Procedure.pdf,
‭Hawai Chappal (*)‬,IS 1921,,Mandatory,ISI Mark (Scheme I),List of Products Under Simplified Procedure,https://www.bis.gov.in/wp-content/uploads/2024/11/List-of-Products-Under-Simplified-Procedure.pdf,
‭Rosin-cored solder wire (*)‬,IS 736,,Mandatory,ISI Mark (Scheme I),List of Products Under Simplified Procedure,https://www.bis.gov.in/wp-content/uploads/2024/11/List-of-Products-Under-Simplified-Procedure.pdf,
‭Wrought aluminium and aluminium alloy plate for general engineering purposes‬,IS 14635 (Part 1),,Mandatory,ISI Mark (Scheme I),List of Products Under Simplified Procedure,https://www.bis.gov.in/wp-content/uploads/2024/11/List-of-Products-Under-Simplified-Procedure.pdf,
‭system (*)‬,IS 4223,,Mandatory,ISI Mark (Scheme I),List of Products Under Simplified Procedure,https://www.bis.gov.in/wp-content/uploads/2024/11/List-of-Products-Under-Simplified-Procedure.pdf,
‭Steel wire for umbrella ribs‬,IS 17879,,Mandatory,ISI Mark (Scheme I),List of Products Under Simplified Procedure,https://www.bis.gov.in/wp-content/uploads/2024/11/List-of-Products-Under-Simplified-Procedure.pdf,
‭Textiles  - Polyester textured yarn (*)‬,IS 16112,,Mandatory,ISI Mark (Scheme I),List of Products Under Simplified Procedure,https://www.bis.gov.in/wp-content/uploads/2024/11/List-of-Products-Under-Simplified-Procedure.pdf,
‭Beta picoline‬,IS 17545,,Mandatory,ISI Mark (Scheme I),List of Products Under Simplified Procedure,https://www.bis.gov.in/wp-content/uploads/2024/11/List-of-Products-Under-Simplified-Procedure.pdf,
‭White cement based polymeric putty‬,IS 15623,,Mandatory,ISI Mark (Scheme I),List of Products Under Simplified Procedure,https://www.bis.gov.in/wp-content/uploads/2024/11/List-of-Products-Under-Simplified-Procedure.pdf,
"‭Melamine (2 , 4, 6 triamino 1, 3, 5 triazine) (*)‬",IS 1381 (Part 1),,Mandatory,ISI Mark (Scheme I),List of Products Under Simplified Procedure,https://www.bis.gov.in/wp-content/uploads/2024/11/List-of-Products-Under-Simplified-Procedure.pdf,
‭Laboratory Glassware - Narrow-Necked Boiling Flasks‬,IS 4766,,Mandatory,ISI Mark (Scheme I),List of Products Under Simplified Procedure,https://www.bis.gov.in/wp-content/uploads/2024/11/List-of-Products-Under-Simplified-Procedure.pdf,
‭Thiram water dispersible powder for slurry seed treatment (*)‬,IS 16655,,Mandatory,ISI Mark (Scheme I),List of Products Under Simplified Procedure,https://www.bis.gov.in/wp-content/uploads/2024/11/List-of-Products-Under-Simplified-Procedure.pdf,
‭Textiles - Protective clothing for use in welding and allied processes‬,IS 11673 (Part 1),,Mandatory,ISI Mark (Scheme I),List of Products Under Simplified Procedure,https://www.bis.gov.in/wp-content/uploads/2024/11/List-of-Products-Under-Simplified-Procedure.pdf,
‭Sodium hypochlorite solution - Part 1 Household and industrial use (*)‬,IS 17397 (Part 1),,Mandatory,ISI Mark (Scheme I),List of Products Under Simplified Procedure,https://www.bis.gov.in/wp-content/uploads/2024/11/List-of-Products-Under-Simplified-Procedure.pdf,
‭system and specifications  (*)‬,IS 1381 (Part 2),,Mandatory,ISI Mark (Scheme I),List of Products Under Simplified Procedure,https://www.bis.gov.in/wp-content/uploads/2024/11/List-of-Products-Under-Simplified-Procedure.pdf,
‭Laboratory glassware - Boiling flasks: Part 2 boiling flasks with conical ground joints‬,IS 3768,,Mandatory,ISI Mark (Scheme I),List of Products Under Simplified Procedure,https://www.bis.gov.in/wp-content/uploads/2024/11/List-of-Products-Under-Simplified-Procedure.pdf,
"‭Ventilation Ducting - Vinyl Coated, Flexible and Semi-Rigid  (*)‬",IS 539,,Mandatory,ISI Mark (Scheme I),List of Products Under Simplified Procedure,https://www.bis.gov.in/wp-content/uploads/2024/11/List-of-Products-Under-Simplified-Procedure.pdf,
‭Naphthalene  (*)‬,IS 17730 (Part 1),,Mandatory,ISI Mark (Scheme I),List of Products Under Simplified Procedure,https://www.bis.gov.in/wp-content/uploads/2024/11/List-of-Products-Under-Simplified-Procedure.pdf,
‭Warp Knitted Hail Protection Nets‬,IS 2590,,Mandatory,ISI Mark (Scheme I),List of Products Under Simplified Procedure,https://www.bis.gov.in/wp-content/uploads/2024/11/List-of-Products-Under-Simplified-Procedure.pdf,
‭Primary aluminium ingots for remelting for general engineering purposes‬,IS 1395,,Mandatory,ISI Mark (Scheme I),List of Products Under Simplified Procedure,https://www.bis.gov.in/wp-content/uploads/2024/11/List-of-Products-Under-Simplified-Procedure.pdf,
‭Low And Medium Alloy Steel Covered Electrodes For Manual Metal Arc Welding  (*)‬,IS 17265,,Mandatory,ISI Mark (Scheme I),List of Products Under Simplified Procedure,https://www.bis.gov.in/wp-content/uploads/2024/11/List-of-Products-Under-Simplified-Procedure.pdf,
‭Textiles  100 Percent Polyester Spun Grey and White Yarns‬,IS 15103,,Mandatory,ISI Mark (Scheme I),List of Products Under Simplified Procedure,https://www.bis.gov.in/wp-content/uploads/2024/11/List-of-Products-Under-Simplified-Procedure.pdf,
‭Fire Resistant Steel‬,IS 4171,,Mandatory,ISI Mark (Scheme I),List of Products Under Simplified Procedure,https://www.bis.gov.in/wp-content/uploads/2024/11/List-of-Products-Under-Simplified-Procedure.pdf,
‭Copper rods and bars for general engineering purposes‬,IS 15844 (Part 2),,Mandatory,ISI Mark (Scheme I),List of Products Under Simplified Procedure,https://www.bis.gov.in/wp-content/uploads/2024/11/List-of-Products-Under-Simplified-Procedure.pdf,
‭Sports footwear Part 2 Performance sports footwear‬,IS 12146,,Mandatory,ISI Mark (Scheme I),List of Products Under Simplified Procedure,https://www.bis.gov.in/wp-content/uploads/2024/11/List-of-Products-Under-Simplified-Procedure.pdf,
[Page 26],IS 17658,,Mandatory,ISI Mark (Scheme I),List of Products Under Simplified Procedure,https://www.bis.gov.in/wp-content/uploads/2024/11/List-of-Products-Under-Simplified-Procedure.pdf,
‭Polyvinyl chloride PVC homopolymers‬,IS 18385,,Mandatory,ISI Mark (Scheme I),List of Products Under Simplified Procedure,https://www.bis.gov.in/wp-content/uploads/2024/11/List-of-Products-Under-Simplified-Procedure.pdf,
"‭Hot-dip galvanized/galvannealed steel sheet, plate and strip for automotive applications‬",IS 17514,,Mandatory,ISI Mark (Scheme I),List of Products Under Simplified Procedure,https://www.bis.gov.in/wp-content/uploads/2024/11/List-of-Products-Under-Simplified-Procedure.pdf,
‭Reusable Sanitary Pad/Sanitary Napkin/Period panties‬,IS 11169 (Part 1),,Mandatory,ISI Mark (Scheme I),List of Products Under Simplified Procedure,https://www.bis.gov.in/wp-content/uploads/2024/11/List-of-Products-Under-Simplified-Procedure.pdf,
‭alloy steels‬,IS 17861,,Mandatory,ISI Mark (Scheme I),List of Products Under Simplified Procedure,https://www.bis.gov.in/wp-content/uploads/2024/11/List-of-Products-Under-Simplified-Procedure.pdf,
‭Textile boots with polymeric sole jungle boots‬,IS 17509,,Mandatory,ISI Mark (Scheme I),List of Products Under Simplified Procedure,https://www.bis.gov.in/wp-content/uploads/2024/11/List-of-Products-Under-Simplified-Procedure.pdf,
‭Disposable Baby Diaper‬,IS 4368,,Mandatory,ISI Mark (Scheme I),List of Products Under Simplified Procedure,https://www.bis.gov.in/wp-content/uploads/2024/11/List-of-Products-Under-Simplified-Procedure.pdf,
"‭Alloy steel billets, blooms and slabs for forging for general engineering purposes‬",IS 1865,,Mandatory,ISI Mark (Scheme I),List of Products Under Simplified Procedure,https://www.bis.gov.in/wp-content/uploads/2024/11/List-of-Products-Under-Simplified-Procedure.pdf,
‭Iron castings with spheroidal or nodular graphite‬,IS 12029,,Mandatory,ISI Mark (Scheme I),List of Products Under Simplified Procedure,https://www.bis.gov.in/wp-content/uploads/2024/11/List-of-Products-Under-Simplified-Procedure.pdf,
‭Acid Oil‬,IS 7902,,Mandatory,ISI Mark (Scheme I),List of Products Under Simplified Procedure,https://www.bis.gov.in/wp-content/uploads/2024/11/List-of-Products-Under-Simplified-Procedure.pdf,
‭Aluminium alloy forging stock and forgings for aircraft purposes (Alloy 24345)‬,IS 1,,Mandatory,ISI Mark (Scheme I),List of Products Under Simplified Procedure,https://www.bis.gov.in/wp-content/uploads/2024/11/List-of-Products-Under-Simplified-Procedure.pdf,
‭The National Flag of India (Cotton Khadi)‬,IS 1171,,Mandatory,ISI Mark (Scheme I),List of Products Under Simplified Procedure,https://www.bis.gov.in/wp-content/uploads/2024/11/List-of-Products-Under-Simplified-Procedure.pdf,
‭Ferromanganese‬,IS 7226,,Mandatory,ISI Mark (Scheme I),List of Products Under Simplified Procedure,https://www.bis.gov.in/wp-content/uploads/2024/11/List-of-Products-Under-Simplified-Procedure.pdf,
‭purposes‬,IS 18384,,Mandatory,ISI Mark (Scheme I),List of Products Under Simplified Procedure,https://www.bis.gov.in/wp-content/uploads/2024/11/List-of-Products-Under-Simplified-Procedure.pdf,
‭Transportation Systems‬,IS 17077 (Part 1),,Mandatory,ISI Mark (Scheme I),List of Products Under Simplified Procedure,https://www.bis.gov.in/wp-content/uploads/2024/11/List-of-Products-Under-Simplified-Procedure.pdf,
‭Designation systems and specifications‬,IS 407,,Mandatory,ISI Mark (Scheme I),List of Products Under Simplified Procedure,https://www.bis.gov.in/wp-content/uploads/2024/11/List-of-Products-Under-Simplified-Procedure.pdf,
‭Brass Tubes for General Purposes‬,IS 542,,Mandatory,ISI Mark (Scheme I),List of Products Under Simplified Procedure,https://www.bis.gov.in/wp-content/uploads/2024/11/List-of-Products-Under-Simplified-Procedure.pdf,
‭Coconut oil‬,IS 410,,Mandatory,ISI Mark (Scheme I),List of Products Under Simplified Procedure,https://www.bis.gov.in/wp-content/uploads/2024/11/List-of-Products-Under-Simplified-Procedure.pdf,
"‭Cold Rolled Brass Sheet, Strip and Foil‬",IS 1470,,Mandatory,ISI Mark (Scheme I),List of Products Under Simplified Procedure,https://www.bis.gov.in/wp-content/uploads/2024/11/List-of-Products-Under-Simplified-Procedure.pdf,
‭Silicomanganese‬,IS 2835,,Mandatory,ISI Mark (Scheme I),List of Products Under Simplified Procedure,https://www.bis.gov.in/wp-content/uploads/2024/11/List-of-Products-Under-Simplified-Procedure.pdf,
‭Flat transparent sheet glass‬,IS 15844 (Part 3),,Mandatory,ISI Mark (Scheme I),List of Products Under Simplified Procedure,https://www.bis.gov.in/wp-content/uploads/2024/11/List-of-Products-Under-Simplified-Procedure.pdf,
‭Sports Footwear  Part 3 Professional Sports Footwear‬,IS 14597,,Mandatory,ISI Mark (Scheme I),List of Products Under Simplified Procedure,https://www.bis.gov.in/wp-content/uploads/2024/11/List-of-Products-Under-Simplified-Procedure.pdf,
‭polyester fabrics‬,IS 4398,,Mandatory,ISI Mark (Scheme I),List of Products Under Simplified Procedure,https://www.bis.gov.in/wp-content/uploads/2024/11/List-of-Products-Under-Simplified-Procedure.pdf,
"‭Carbon-chromium steel for the manufacture of balls, rollers and bearing races‬",IS 17374,,Mandatory,ISI Mark (Scheme I),List of Products Under Simplified Procedure,https://www.bis.gov.in/wp-content/uploads/2024/11/List-of-Products-Under-Simplified-Procedure.pdf,
‭lining‬,IS 15392,,Mandatory,ISI Mark (Scheme I),List of Products Under Simplified Procedure,https://www.bis.gov.in/wp-content/uploads/2024/11/List-of-Products-Under-Simplified-Procedure.pdf,
‭Aluminium and aluminium alloy bare foil for food packaging‬,IS 6719,,Mandatory,ISI Mark (Scheme I),List of Products Under Simplified Procedure,https://www.bis.gov.in/wp-content/uploads/2024/11/List-of-Products-Under-Simplified-Procedure.pdf,
‭Moulded PVC Unit Outsoles‬,IS 2507,,Mandatory,ISI Mark (Scheme I),List of Products Under Simplified Procedure,https://www.bis.gov.in/wp-content/uploads/2024/11/List-of-Products-Under-Simplified-Procedure.pdf,
‭Cold-rolled steel strips for springs‬,IS 18161,,Mandatory,ISI Mark (Scheme I),List of Products Under Simplified Procedure,https://www.bis.gov.in/wp-content/uploads/2024/11/List-of-Products-Under-Simplified-Procedure.pdf,
‭ragi‬,IS 17262,,Mandatory,ISI Mark (Scheme I),List of Products Under Simplified Procedure,https://www.bis.gov.in/wp-content/uploads/2024/11/List-of-Products-Under-Simplified-Procedure.pdf,
‭Textiles  - Polyester partially oriented yarn (POY)‬,IS 18739,,Mandatory,ISI Mark (Scheme I),List of Products Under Simplified Procedure,https://www.bis.gov.in/wp-content/uploads/2024/11/List-of-Products-Under-Simplified-Procedure.pdf,
‭Textiles - Bedsheets Pillow cover and Blanket Cover‬,IS 11890,,Mandatory,ISI Mark (Scheme I),List of Products Under Simplified Procedure,https://www.bis.gov.in/wp-content/uploads/2024/11/List-of-Products-Under-Simplified-Procedure.pdf,
‭High Purity Aluminium Ingot For Remelting for Special Applications‬,IS 16011,,Mandatory,ISI Mark (Scheme I),List of Products Under Simplified Procedure,https://www.bis.gov.in/wp-content/uploads/2024/11/List-of-Products-Under-Simplified-Procedure.pdf,
‭Aluminium and Aluminium Alloy Foil for Pharmaceutical Packaging‬,IS 18316,,Mandatory,ISI Mark (Scheme I),List of Products Under Simplified Procedure,https://www.bis.gov.in/wp-content/uploads/2024/11/List-of-Products-Under-Simplified-Procedure.pdf,
‭non-grain oriented electrical steel or fully processed grain oriented electrical steel‬,IS 5082,,Mandatory,ISI Mark (Scheme I),List of Products Under Simplified Procedure,https://www.bis.gov.in/wp-content/uploads/2024/11/List-of-Products-Under-Simplified-Procedure.pdf,
‭purposes‬,IS 15748,,Mandatory,ISI Mark (Scheme I),List of Products Under Simplified Procedure,https://www.bis.gov.in/wp-content/uploads/2024/11/List-of-Products-Under-Simplified-Procedure.pdf,
‭performance requirements‬,IS 9573 (Part 1),,Mandatory,ISI Mark (Scheme I),List of Products Under Simplified Procedure,https://www.bis.gov.in/wp-content/uploads/2024/11/List-of-Products-Under-Simplified-Procedure.pdf,
‭Rubber hose for LPG - Part 1 Industrial application‬,IS 1397,,Mandatory,ISI Mark (Scheme I),List of Products Under Simplified Procedure,https://www.bis.gov.in/wp-content/uploads/2024/11/List-of-Products-Under-Simplified-Procedure.pdf,
‭Kraft Paper‬,IS 17373,,Mandatory,ISI Mark (Scheme I),List of Products Under Simplified Procedure,https://www.bis.gov.in/wp-content/uploads/2024/11/List-of-Products-Under-Simplified-Procedure.pdf,
‭Geosynthetics - Geogrids used in reinforced soil retaining structures‬,IS 4454 (Part 4),,Mandatory,ISI Mark (Scheme I),List of Products Under Simplified Procedure,https://www.bis.gov.in/wp-content/uploads/2024/11/List-of-Products-Under-Simplified-Procedure.pdf,
‭Steel wires for mechanical springs - Part 4 Stainless steel wire‬,IS 4412,,Mandatory,ISI Mark (Scheme I),List of Products Under Simplified Procedure,https://www.bis.gov.in/wp-content/uploads/2024/11/List-of-Products-Under-Simplified-Procedure.pdf,
‭Copper wires for general engineering purposes‬,IS 4566,,Mandatory,ISI Mark (Scheme I),List of Products Under Simplified Procedure,https://www.bis.gov.in/wp-content/uploads/2024/11/List-of-Products-Under-Simplified-Procedure.pdf,
"‭Methylene Chloride (dichloromethane), Technical‬",IS 16653,,Mandatory,ISI Mark (Scheme I),List of Products Under Simplified Procedure,https://www.bis.gov.in/wp-content/uploads/2024/11/List-of-Products-Under-Simplified-Procedure.pdf,
‭protection‬,IS 7129,,Mandatory,ISI Mark (Scheme I),List of Products Under Simplified Procedure,https://www.bis.gov.in/wp-content/uploads/2024/11/List-of-Products-Under-Simplified-Procedure.pdf,
‭Potassium carbonate anhydrous‬,IS 10931,,Mandatory,ISI Mark (Scheme I),List of Products Under Simplified Procedure,https://www.bis.gov.in/wp-content/uploads/2024/11/List-of-Products-Under-Simplified-Procedure.pdf,
‭Lauric Acid‬,IS 17781,,Mandatory,ISI Mark (Scheme I),List of Products Under Simplified Procedure,https://www.bis.gov.in/wp-content/uploads/2024/11/List-of-Products-Under-Simplified-Procedure.pdf,
‭Vitamin mineral premix for manufacturing fortified rice kernels‬,IS 737,,Mandatory,ISI Mark (Scheme I),List of Products Under Simplified Procedure,https://www.bis.gov.in/wp-content/uploads/2024/11/List-of-Products-Under-Simplified-Procedure.pdf,
‭purposes‬,IS 11744,,Mandatory,ISI Mark (Scheme I),List of Products Under Simplified Procedure,https://www.bis.gov.in/wp-content/uploads/2024/11/List-of-Products-Under-Simplified-Procedure.pdf,
"‭Phosphorous Pentachloride, Technical‬",IS 17051,,Mandatory,ISI Mark (Scheme I),List of Products Under Simplified Procedure,https://www.bis.gov.in/wp-content/uploads/2024/11/List-of-Products-Under-Simplified-Procedure.pdf,
‭Textiles - Bullet resistant jackets - performance requirements‬,IS 18482,,Mandatory,ISI Mark (Scheme I),List of Products Under Simplified Procedure,https://www.bis.gov.in/wp-content/uploads/2024/11/List-of-Products-Under-Simplified-Procedure.pdf,
‭bulk commodities‬,IS 17875,,Mandatory,ISI Mark (Scheme I),List of Products Under Simplified Procedure,https://www.bis.gov.in/wp-content/uploads/2024/11/List-of-Products-Under-Simplified-Procedure.pdf,
‭Stainless Steel seamless pipes and tubes for general service‬,IS 17876,,Mandatory,ISI Mark (Scheme I),List of Products Under Simplified Procedure,https://www.bis.gov.in/wp-content/uploads/2024/11/List-of-Products-Under-Simplified-Procedure.pdf,
‭Stainless steel welded pipes and tubes for general service‬,IS 10773,,Mandatory,ISI Mark (Scheme I),List of Products Under Simplified Procedure,https://www.bis.gov.in/wp-content/uploads/2024/11/List-of-Products-Under-Simplified-Procedure.pdf,
‭Wrought Copper Tubes for Refrigeration and Air-Conditioning Purposes‬,IS 1545,,Mandatory,ISI Mark (Scheme I),List of Products Under Simplified Procedure,https://www.bis.gov.in/wp-content/uploads/2024/11/List-of-Products-Under-Simplified-Procedure.pdf,
‭Solid drawn copper and copper alloy tubes for condenser and heat exchangers‬,IS 17111,,Mandatory,ISI Mark (Scheme I),List of Products Under Simplified Procedure,https://www.bis.gov.in/wp-content/uploads/2024/11/List-of-Products-Under-Simplified-Procedure.pdf,
"‭Heat treated steels, alloy steels and free-cutting steels - Ball and roller bearing steels‬",IS 2833,,Mandatory,ISI Mark (Scheme I),List of Products Under Simplified Procedure,https://www.bis.gov.in/wp-content/uploads/2024/11/List-of-Products-Under-Simplified-Procedure.pdf,
"‭Aniline, Technical‬",IS 11587,,Mandatory,ISI Mark (Scheme I),List of Products Under Simplified Procedure,https://www.bis.gov.in/wp-content/uploads/2024/11/List-of-Products-Under-Simplified-Procedure.pdf,
‭Structural weather resistant steels‬,IS 16113,,Mandatory,ISI Mark (Scheme I),List of Products Under Simplified Procedure,https://www.bis.gov.in/wp-content/uploads/2024/11/List-of-Products-Under-Simplified-Procedure.pdf,
‭Gamma Picoline‬,IS 12067,,Mandatory,ISI Mark (Scheme I),List of Products Under Simplified Procedure,https://www.bis.gov.in/wp-content/uploads/2024/11/List-of-Products-Under-Simplified-Procedure.pdf,
‭Palm fatty acids‬,IS 17483 (Part 2),,Mandatory,ISI Mark (Scheme I),List of Products Under Simplified Procedure,https://www.bis.gov.in/wp-content/uploads/2024/11/List-of-Products-Under-Simplified-Procedure.pdf,
‭Geosynthetics - Geocells - Part 2 Slope erosion protection application‬,IS 3566,,Mandatory,ISI Mark (Scheme I),List of Products Under Simplified Procedure,https://www.bis.gov.in/wp-content/uploads/2024/11/List-of-Products-Under-Simplified-Procedure.pdf,
‭Textiles - Viscose rayon cut staple spun yarn‬,IS 336,,Mandatory,ISI Mark (Scheme I),List of Products Under Simplified Procedure,https://www.bis.gov.in/wp-content/uploads/2024/11/List-of-Products-Under-Simplified-Procedure.pdf,
‭Ether‬,IS 12444,,Mandatory,ISI Mark (Scheme I),List of Products Under Simplified Procedure,https://www.bis.gov.in/wp-content/uploads/2024/11/List-of-Products-Under-Simplified-Procedure.pdf,
‭Continuously cast and rolled electrolytic copper wire rods for electrical conductors‬,IS 3748,,Mandatory,ISI Mark (Scheme I),List of Products Under Simplified Procedure,https://www.bis.gov.in/wp-content/uploads/2024/11/List-of-Products-Under-Simplified-Procedure.pdf,
‭Tool Steels‬,IS 17425,,Mandatory,ISI Mark (Scheme I),List of Products Under Simplified Procedure,https://www.bis.gov.in/wp-content/uploads/2024/11/List-of-Products-Under-Simplified-Procedure.pdf,
‭irrigation systems‬,IS 3565,,Mandatory,ISI Mark (Scheme I),List of Products Under Simplified Procedure,https://www.bis.gov.in/wp-content/uploads/2024/11/List-of-Products-Under-Simplified-Procedure.pdf,
‭Teats for Feeding Bottles‬,IS 4026,,Mandatory,ISI Mark (Scheme I),List of Products Under Simplified Procedure,https://www.bis.gov.in/wp-content/uploads/2024/11/List-of-Products-Under-Simplified-Procedure.pdf,
‭Aluminium ingots billets and wire bars EC grade‬,IS 15769,,Mandatory,ISI Mark (Scheme I),List of Products Under Simplified Procedure,https://www.bis.gov.in/wp-content/uploads/2024/11/List-of-Products-Under-Simplified-Procedure.pdf,
‭carbon or carbon-manganese steel‬,IS 2619,,Mandatory,ISI Mark (Scheme I),List of Products Under Simplified Procedure,https://www.bis.gov.in/wp-content/uploads/2024/11/List-of-Products-Under-Simplified-Procedure.pdf,
‭Glass beakers‬,IS 17261,,Mandatory,ISI Mark (Scheme I),List of Products Under Simplified Procedure,https://www.bis.gov.in/wp-content/uploads/2024/11/List-of-Products-Under-Simplified-Procedure.pdf,
‭Textiles  - Polyester continuous filament fully drawn yarns‬,IS 13893,,Mandatory,ISI Mark (Scheme I),List of Products Under Simplified Procedure,https://www.bis.gov.in/wp-content/uploads/2024/11/List-of-Products-Under-Simplified-Procedure.pdf,
‭Polyurethane soles semigrid‬,IS 17372,,Mandatory,ISI Mark (Scheme I),List of Products Under Simplified Procedure,https://www.bis.gov.in/wp-content/uploads/2024/11/List-of-Products-Under-Simplified-Procedure.pdf,
[Page 28],IS 2080,,Mandatory,ISI Mark (Scheme I),List of Products Under Simplified Procedure,https://www.bis.gov.in/wp-content/uploads/2024/11/List-of-Products-Under-Simplified-Procedure.pdf,
‭Stabilized hydrogen peroxide‬,IS 16393,,Mandatory,ISI Mark (Scheme I),List of Products Under Simplified Procedure,https://www.bis.gov.in/wp-content/uploads/2024/11/List-of-Products-Under-Simplified-Procedure.pdf,
‭Geosynthetics - Geotextiles used in subsurface drainage application‬,IS 16090,,Mandatory,ISI Mark (Scheme I),List of Products Under Simplified Procedure,https://www.bis.gov.in/wp-content/uploads/2024/11/List-of-Products-Under-Simplified-Procedure.pdf,
‭Geo-Synthetics - Geo-Textiles Used as Protection (or Cushioning) Materials‬,IS 15225,,Mandatory,ISI Mark (Scheme I),List of Products Under Simplified Procedure,https://www.bis.gov.in/wp-content/uploads/2024/11/List-of-Products-Under-Simplified-Procedure.pdf,
‭Chlorinated Polyvinyl Chloride Compounds Used for Pipes and Fittings‬,IS 613,,Mandatory,ISI Mark (Scheme I),List of Products Under Simplified Procedure,https://www.bis.gov.in/wp-content/uploads/2024/11/List-of-Products-Under-Simplified-Procedure.pdf,
‭Copper Rods and Bars for Electrical Purposes‬,IS 16709,,Mandatory,ISI Mark (Scheme I),List of Products Under Simplified Procedure,https://www.bis.gov.in/wp-content/uploads/2024/11/List-of-Products-Under-Simplified-Procedure.pdf,
‭packaging of 50 kg cement‬,IS 1254,,Mandatory,ISI Mark (Scheme I),List of Products Under Simplified Procedure,https://www.bis.gov.in/wp-content/uploads/2024/11/List-of-Products-Under-Simplified-Procedure.pdf,
‭Corrugated Aluminium Sheet‬,IS 15844 (Part 1),,Mandatory,ISI Mark (Scheme I),List of Products Under Simplified Procedure,https://www.bis.gov.in/wp-content/uploads/2024/11/List-of-Products-Under-Simplified-Procedure.pdf,
‭Sports footwear - Part 1 General purpose‬,IS 739,,Mandatory,ISI Mark (Scheme I),List of Products Under Simplified Procedure,https://www.bis.gov.in/wp-content/uploads/2024/11/List-of-Products-Under-Simplified-Procedure.pdf,
‭Wrought aluminium and aluminium alloy wire for general engineering purposes‬,IS 17371,,Mandatory,ISI Mark (Scheme I),List of Products Under Simplified Procedure,https://www.bis.gov.in/wp-content/uploads/2024/11/List-of-Products-Under-Simplified-Procedure.pdf,
‭Geosynthetics - Geogrids for flexible pavements‬,IS 17945,,Mandatory,ISI Mark (Scheme I),List of Products Under Simplified Procedure,https://www.bis.gov.in/wp-content/uploads/2024/11/List-of-Products-Under-Simplified-Procedure.pdf,
‭Food for special medical purpose intended for infants‬,IS 16392,,Mandatory,ISI Mark (Scheme I),List of Products Under Simplified Procedure,https://www.bis.gov.in/wp-content/uploads/2024/11/List-of-Products-Under-Simplified-Procedure.pdf,
‭Geosynthetics - Geotextiles for permanent erosion control in hard armor systems‬,IS 6902,,Mandatory,ISI Mark (Scheme I),List of Products Under Simplified Procedure,https://www.bis.gov.in/wp-content/uploads/2024/11/List-of-Products-Under-Simplified-Procedure.pdf,
‭Steel wire for spokes‬,IS 2553 (Part 3),,Mandatory,ISI Mark (Scheme I),List of Products Under Simplified Procedure,https://www.bis.gov.in/wp-content/uploads/2024/11/List-of-Products-Under-Simplified-Procedure.pdf,
‭Safety glass - Part 3 solar applications‬,IS 17216,,Mandatory,ISI Mark (Scheme I),List of Products Under Simplified Procedure,https://www.bis.gov.in/wp-content/uploads/2024/11/List-of-Products-Under-Simplified-Procedure.pdf,
‭Polyethylene mulch films for agriculture and horticulture products‬,IS 16654,,Mandatory,ISI Mark (Scheme I),List of Products Under Simplified Procedure,https://www.bis.gov.in/wp-content/uploads/2024/11/List-of-Products-Under-Simplified-Procedure.pdf,
‭waterways protection‬,IS 17263,,Mandatory,ISI Mark (Scheme I),List of Products Under Simplified Procedure,https://www.bis.gov.in/wp-content/uploads/2024/11/List-of-Products-Under-Simplified-Procedure.pdf,
‭Textiles  - Polyester staples fibres‬,IS 17782,,Mandatory,ISI Mark (Scheme I),List of Products Under Simplified Procedure,https://www.bis.gov.in/wp-content/uploads/2024/11/List-of-Products-Under-Simplified-Procedure.pdf,
‭Fortified rice kernels‬,IS 1466,,Mandatory,ISI Mark (Scheme I),List of Products Under Simplified Procedure,https://www.bis.gov.in/wp-content/uploads/2024/11/List-of-Products-Under-Simplified-Procedure.pdf,
‭Ferrovanadium‬,IS 8637,,Mandatory,ISI Mark (Scheme I),List of Products Under Simplified Procedure,https://www.bis.gov.in/wp-content/uploads/2024/11/List-of-Products-Under-Simplified-Procedure.pdf,
‭H Acid‬,IS 16890,,Mandatory,ISI Mark (Scheme I),List of Products Under Simplified Procedure,https://www.bis.gov.in/wp-content/uploads/2024/11/List-of-Products-Under-Simplified-Procedure.pdf,
‭Textiles - Protective Clothing for Firefighters‬,IS 6529,,Mandatory,ISI Mark (Scheme I),List of Products Under Simplified Procedure,https://www.bis.gov.in/wp-content/uploads/2024/11/List-of-Products-Under-Simplified-Procedure.pdf,
"‭Stainless steel blooms, billets and slabs for forging‬",IS 10951,,Mandatory,ISI Mark (Scheme I),List of Products Under Simplified Procedure,https://www.bis.gov.in/wp-content/uploads/2024/11/List-of-Products-Under-Simplified-Procedure.pdf,
‭Polypropylene ( PP ) Materials for Moulding and Extrusion‬,IS 695,,Mandatory,ISI Mark (Scheme I),List of Products Under Simplified Procedure,https://www.bis.gov.in/wp-content/uploads/2024/11/List-of-Products-Under-Simplified-Procedure.pdf,
‭Acetic Acid‬,IS 17630,,Mandatory,ISI Mark (Scheme I),List of Products Under Simplified Procedure,https://www.bis.gov.in/wp-content/uploads/2024/11/List-of-Products-Under-Simplified-Procedure.pdf,
‭Medical Textiles  Bedsheet and Pillow Cover‬,IS 617,,Mandatory,ISI Mark (Scheme I),List of Products Under Simplified Procedure,https://www.bis.gov.in/wp-content/uploads/2024/11/List-of-Products-Under-Simplified-Procedure.pdf,
‭Engineering Purposes‬,IS 3195,,Mandatory,ISI Mark (Scheme I),List of Products Under Simplified Procedure,https://www.bis.gov.in/wp-content/uploads/2024/11/List-of-Products-Under-Simplified-Procedure.pdf,
‭Steel for the manufacture of volute and helical springs (For Railway Rolling Stock)‬,IS 18573,,Mandatory,ISI Mark (Scheme I),List of Products Under Simplified Procedure,https://www.bis.gov.in/wp-content/uploads/2024/11/List-of-Products-Under-Simplified-Procedure.pdf,
‭general engineering and decorative purposes‬,IS 16240,,Mandatory,ISI Mark (Scheme I),List of Products Under Simplified Procedure,https://www.bis.gov.in/wp-content/uploads/2024/11/List-of-Products-Under-Simplified-Procedure.pdf,
‭Reverse Osmosis (RO) Based Point-of-Use (POU) Water Treatment System‬,IS 16391,,Mandatory,ISI Mark (Scheme I),List of Products Under Simplified Procedure,https://www.bis.gov.in/wp-content/uploads/2024/11/List-of-Products-Under-Simplified-Procedure.pdf,
‭Geosynthetics – Geotextiles used in sub-grade separation in pavement structures‬,IS 12084,,Mandatory,ISI Mark (Scheme I),List of Products Under Simplified Procedure,https://www.bis.gov.in/wp-content/uploads/2024/11/List-of-Products-Under-Simplified-Procedure.pdf,
‭Morpholine‬,IS 1469,,Mandatory,ISI Mark (Scheme I),List of Products Under Simplified Procedure,https://www.bis.gov.in/wp-content/uploads/2024/11/List-of-Products-Under-Simplified-Procedure.pdf,
‭Ferromolybdenum‬,IS 17349,,Mandatory,ISI Mark (Scheme I),List of Products Under Simplified Procedure,https://www.bis.gov.in/wp-content/uploads/2024/11/List-of-Products-Under-Simplified-Procedure.pdf,
‭Medical textiles – Shoe covers‬,IS 6721,,Mandatory,ISI Mark (Scheme I),List of Products Under Simplified Procedure,https://www.bis.gov.in/wp-content/uploads/2024/11/List-of-Products-Under-Simplified-Procedure.pdf,
‭Sandal and slippers‬,IS 17730 (Part 2),,Mandatory,ISI Mark (Scheme I),List of Products Under Simplified Procedure,https://www.bis.gov.in/wp-content/uploads/2024/11/List-of-Products-Under-Simplified-Procedure.pdf,
‭Woven Hail Protection Nets‬,IS 17264,,Mandatory,ISI Mark (Scheme I),List of Products Under Simplified Procedure,https://www.bis.gov.in/wp-content/uploads/2024/11/List-of-Products-Under-Simplified-Procedure.pdf,
‭Textiles - Polyester industrial yarn‬,IS 7092 (Part 2),,Mandatory,ISI Mark (Scheme I),List of Products Under Simplified Procedure,https://www.bis.gov.in/wp-content/uploads/2024/11/List-of-Products-Under-Simplified-Procedure.pdf,
‭Aluminium Alloy Tube for Irrigation Purposes - Part 2 : Extruded Tube‬,IS 17483 (Part 1),,Mandatory,ISI Mark (Scheme I),List of Products Under Simplified Procedure,https://www.bis.gov.in/wp-content/uploads/2024/11/List-of-Products-Under-Simplified-Procedure.pdf,
[Page 29],IS 14434,,Mandatory,ISI Mark (Scheme I),List of Products Under Simplified Procedure,https://www.bis.gov.in/wp-content/uploads/2024/11/List-of-Products-Under-Simplified-Procedure.pdf,
‭Polycarbonate moulding and extrusion materials‬,IS 8058,,Mandatory,ISI Mark (Scheme I),List of Products Under Simplified Procedure,https://www.bis.gov.in/wp-content/uploads/2024/11/List-of-Products-Under-Simplified-Procedure.pdf,
‭Pyridine‬,IS 3074,,Mandatory,ISI Mark (Scheme I),List of Products Under Simplified Procedure,https://www.bis.gov.in/wp-content/uploads/2024/11/List-of-Products-Under-Simplified-Procedure.pdf,
‭Steel Tubes for Automotive Purposes‬,IS 17358 (Part 1),,Mandatory,ISI Mark (Scheme I),List of Products Under Simplified Procedure,https://www.bis.gov.in/wp-content/uploads/2024/11/List-of-Products-Under-Simplified-Procedure.pdf,
‭Nets Made from Extruded Polymer Mesh‬,IS 17334,,Mandatory,ISI Mark (Scheme I),List of Products Under Simplified Procedure,https://www.bis.gov.in/wp-content/uploads/2024/11/List-of-Products-Under-Simplified-Procedure.pdf,
‭Medical textiles - Surgical gowns and surgical drapes‬,IS 2501,,Mandatory,ISI Mark (Scheme I),List of Products Under Simplified Procedure,https://www.bis.gov.in/wp-content/uploads/2024/11/List-of-Products-Under-Simplified-Procedure.pdf,
‭Solid Drawn Copper Tubes for General Engineering Purposes‬,IS 15742,,Mandatory,ISI Mark (Scheme I),List of Products Under Simplified Procedure,https://www.bis.gov.in/wp-content/uploads/2024/11/List-of-Products-Under-Simplified-Procedure.pdf,
‭assemblies affording protection against heat and flame‬,IS 6664,,Mandatory,ISI Mark (Scheme I),List of Products Under Simplified Procedure,https://www.bis.gov.in/wp-content/uploads/2024/11/List-of-Products-Under-Simplified-Procedure.pdf,
‭Microcellular Rubber Sheets for Outsoles‬,IS 18513,,Mandatory,ISI Mark (Scheme I),List of Products Under Simplified Procedure,https://www.bis.gov.in/wp-content/uploads/2024/11/List-of-Products-Under-Simplified-Procedure.pdf,
‭Hot-Dip Zinc- Aluminium-Magnesium Alloy Coated Steel Sheets Plates and Strips‬,IS 17079,,Mandatory,ISI Mark (Scheme I),List of Products Under Simplified Procedure,https://www.bis.gov.in/wp-content/uploads/2024/11/List-of-Products-Under-Simplified-Procedure.pdf,
‭Rubber modified bitumen  (*)‬,IS 15138,,Mandatory,ISI Mark (Scheme I),List of Products Under Simplified Procedure,https://www.bis.gov.in/wp-content/uploads/2024/11/List-of-Products-Under-Simplified-Procedure.pdf,
‭Textiles  - Jute Bags For Packing 50 kg Sugar  (*)‬,IS 10116,,Mandatory,ISI Mark (Scheme I),List of Products Under Simplified Procedure,https://www.bis.gov.in/wp-content/uploads/2024/11/List-of-Products-Under-Simplified-Procedure.pdf,
‭Boric acid  (*)‬,IS 8074,,Mandatory,ISI Mark (Scheme I),List of Products Under Simplified Procedure,https://www.bis.gov.in/wp-content/uploads/2024/11/List-of-Products-Under-Simplified-Procedure.pdf,
‭Monocrotophos Sl (*)‬,IS 5206,,Mandatory,ISI Mark (Scheme I),List of Products Under Simplified Procedure,https://www.bis.gov.in/wp-content/uploads/2024/11/List-of-Products-Under-Simplified-Procedure.pdf,
‭alloy steels (*)‬,IS 9962,,Mandatory,ISI Mark (Scheme I),List of Products Under Simplified Procedure,https://www.bis.gov.in/wp-content/uploads/2024/11/List-of-Products-Under-Simplified-Procedure.pdf,
‭Steel wire for needles (*)‬,IS 17404,,Mandatory,ISI Mark (Scheme I),List of Products Under Simplified Procedure,https://www.bis.gov.in/wp-content/uploads/2024/11/List-of-Products-Under-Simplified-Procedure.pdf,
‭Electrogalvanized Hot Rolled and Cold Reduced Carbon Steel Sheets and Strips (*)‬,IS 3902,,Mandatory,ISI Mark (Scheme I),List of Products Under Simplified Procedure,https://www.bis.gov.in/wp-content/uploads/2024/11/List-of-Products-Under-Simplified-Procedure.pdf,
"‭Dimethoate, Technical (*)‬",IS 1537,,Mandatory,ISI Mark (Scheme I),List of Products Under Simplified Procedure,https://www.bis.gov.in/wp-content/uploads/2024/11/List-of-Products-Under-Simplified-Procedure.pdf,
"‭Vertically cast iron pressure pipes for water, gas and sewage (*)‬",IS 14411,,Mandatory,ISI Mark (Scheme I),List of Products Under Simplified Procedure,https://www.bis.gov.in/wp-content/uploads/2024/11/List-of-Products-Under-Simplified-Procedure.pdf,
‭Deltamethrin F (*)‬,IS 16145,,Mandatory,ISI Mark (Scheme I),List of Products Under Simplified Procedure,https://www.bis.gov.in/wp-content/uploads/2024/11/List-of-Products-Under-Simplified-Procedure.pdf,
‭Fipronil Suspension Concentrate (SC) (*)‬,IS 5430,,Mandatory,ISI Mark (Scheme I),List of Products Under Simplified Procedure,https://www.bis.gov.in/wp-content/uploads/2024/11/List-of-Products-Under-Simplified-Procedure.pdf,
‭Ammonia preserved concentrated natural rubber latex (*)‬,IS 1824,,Mandatory,ISI Mark (Scheme I),List of Products Under Simplified Procedure,https://www.bis.gov.in/wp-content/uploads/2024/11/List-of-Products-Under-Simplified-Procedure.pdf,
‭Insecticidal Space Spray (*)‬,IS 7494,,Mandatory,ISI Mark (Scheme I),List of Products Under Simplified Procedure,https://www.bis.gov.in/wp-content/uploads/2024/11/List-of-Products-Under-Simplified-Procedure.pdf,
‭Alloys for internal combustion engine valve applications (*)‬,IS 15030,,Mandatory,ISI Mark (Scheme I),List of Products Under Simplified Procedure,https://www.bis.gov.in/wp-content/uploads/2024/11/List-of-Products-Under-Simplified-Procedure.pdf,
‭Terephthalic Acid (*)‬,IS 16187,,Mandatory,ISI Mark (Scheme I),List of Products Under Simplified Procedure,https://www.bis.gov.in/wp-content/uploads/2024/11/List-of-Products-Under-Simplified-Procedure.pdf,
‭for Packaging and Storage of Fruits and Vegetables (*)‬,IS 4432,,Mandatory,ISI Mark (Scheme I),List of Products Under Simplified Procedure,https://www.bis.gov.in/wp-content/uploads/2024/11/List-of-Products-Under-Simplified-Procedure.pdf,
‭Case Hardening Steels (*)‬,IS 3521 (Part 1),,Mandatory,ISI Mark (Scheme I),List of Products Under Simplified Procedure,https://www.bis.gov.in/wp-content/uploads/2024/11/List-of-Products-Under-Simplified-Procedure.pdf,
‭Personal Fall Arrest Systems - Part 1 Full Body Harness (*)‬,IS 10758,,Mandatory,ISI Mark (Scheme I),List of Products Under Simplified Procedure,https://www.bis.gov.in/wp-content/uploads/2024/11/List-of-Products-Under-Simplified-Procedure.pdf,
‭Deodorising-cum-disinfectant fluids (*)‬,IS 4355,,Mandatory,ISI Mark (Scheme I),List of Products Under Simplified Procedure,https://www.bis.gov.in/wp-content/uploads/2024/11/List-of-Products-Under-Simplified-Procedure.pdf,
‭Fire-resistant Brattice Cloth (*)‬,IS 15573,,Mandatory,ISI Mark (Scheme I),List of Products Under Simplified Procedure,https://www.bis.gov.in/wp-content/uploads/2024/11/List-of-Products-Under-Simplified-Procedure.pdf,
‭Polyaluminium chloride (*)‬,IS 13921,,Mandatory,ISI Mark (Scheme I),List of Products Under Simplified Procedure,https://www.bis.gov.in/wp-content/uploads/2024/11/List-of-Products-Under-Simplified-Procedure.pdf,
‭Chelated Zinc (Zn-EDTA) Agricultural grade (*)‬,IS 14184,,Mandatory,ISI Mark (Scheme I),List of Products Under Simplified Procedure,https://www.bis.gov.in/wp-content/uploads/2024/11/List-of-Products-Under-Simplified-Procedure.pdf,
‭Pesticide - Cartap Hydrochloride G  (*)‬,IS 2569,,Mandatory,ISI Mark (Scheme I),List of Products Under Simplified Procedure,https://www.bis.gov.in/wp-content/uploads/2024/11/List-of-Products-Under-Simplified-Procedure.pdf,
‭Malathion Water Dispersible Powder Concentrates (*)‬,IS 15939,,Mandatory,ISI Mark (Scheme I),List of Products Under Simplified Procedure,https://www.bis.gov.in/wp-content/uploads/2024/11/List-of-Products-Under-Simplified-Procedure.pdf,
‭Pesticide - Bifenthrin Wettable Powder  (*)‬,IS 1422,,Mandatory,ISI Mark (Scheme I),List of Products Under Simplified Procedure,https://www.bis.gov.in/wp-content/uploads/2024/11/List-of-Products-Under-Simplified-Procedure.pdf,
‭Cotton Duck  (*)‬,IS 8391 (Part 1),,Mandatory,ISI Mark (Scheme I),List of Products Under Simplified Procedure,https://www.bis.gov.in/wp-content/uploads/2024/11/List-of-Products-Under-Simplified-Procedure.pdf,
‭Rubberised coir sheers for cushioning - Curled (*)‬,IS 17508,,Mandatory,ISI Mark (Scheme I),List of Products Under Simplified Procedure,https://www.bis.gov.in/wp-content/uploads/2024/11/List-of-Products-Under-Simplified-Procedure.pdf,
‭Disposable Adult Incontinence Diaper (*)‬,IS 133,,Mandatory,ISI Mark (Scheme I),List of Products Under Simplified Procedure,https://www.bis.gov.in/wp-content/uploads/2024/11/List-of-Products-Under-Simplified-Procedure.pdf,
"‭Enamel, Interior : (A) Undercoating (B) Finishing (*)‬",IS 16892,,Mandatory,ISI Mark (Scheme I),List of Products Under Simplified Procedure,https://www.bis.gov.in/wp-content/uploads/2024/11/List-of-Products-Under-Simplified-Procedure.pdf,
[Page 30],IS 8498,,Mandatory,ISI Mark (Scheme I),List of Products Under Simplified Procedure,https://www.bis.gov.in/wp-content/uploads/2024/11/List-of-Products-Under-Simplified-Procedure.pdf,
‭Temephos Emulsifiable Concentrates (EC) (*)‬,IS 15603,,Mandatory,ISI Mark (Scheme I),List of Products Under Simplified Procedure,https://www.bis.gov.in/wp-content/uploads/2024/11/List-of-Products-Under-Simplified-Procedure.pdf,
"‭Alphacypermethrin, WP  (*)‬",IS 9532,,Mandatory,ISI Mark (Scheme I),List of Products Under Simplified Procedure,https://www.bis.gov.in/wp-content/uploads/2024/11/List-of-Products-Under-Simplified-Procedure.pdf,
‭Chakka and shrikhand (*)‬,IS 702,,Mandatory,ISI Mark (Scheme I),List of Products Under Simplified Procedure,https://www.bis.gov.in/wp-content/uploads/2024/11/List-of-Products-Under-Simplified-Procedure.pdf,
‭Industrial bitumen (*)‬,IS 17728,,Mandatory,ISI Mark (Scheme I),List of Products Under Simplified Procedure,https://www.bis.gov.in/wp-content/uploads/2024/11/List-of-Products-Under-Simplified-Procedure.pdf,
‭and Fittings for use in Rain Irrigation System (*)‬,IS 3989,,Mandatory,ISI Mark (Scheme I),List of Products Under Simplified Procedure,https://www.bis.gov.in/wp-content/uploads/2024/11/List-of-Products-Under-Simplified-Procedure.pdf,
"‭Centrifugally cast (spun) iron spigot pipes, fittings and accessories (*)‬",IS 14300,,Mandatory,ISI Mark (Scheme I),List of Products Under Simplified Procedure,https://www.bis.gov.in/wp-content/uploads/2024/11/List-of-Products-Under-Simplified-Procedure.pdf,
‭Neem Based EC Containing Azadirachtin (*)‬,IS 6312,,Mandatory,ISI Mark (Scheme I),List of Products Under Simplified Procedure,https://www.bis.gov.in/wp-content/uploads/2024/11/List-of-Products-Under-Simplified-Procedure.pdf,
‭Polyethylene containers for the transport of materials  (*)‬,IS 6444,,Mandatory,ISI Mark (Scheme I),List of Products Under Simplified Procedure,https://www.bis.gov.in/wp-content/uploads/2024/11/List-of-Products-Under-Simplified-Procedure.pdf,
‭Sulphur Dusting Powders (*)‬,IS 12931,,Mandatory,ISI Mark (Scheme I),List of Products Under Simplified Procedure,https://www.bis.gov.in/wp-content/uploads/2024/11/List-of-Products-Under-Simplified-Procedure.pdf,
‭Atrazine wettable powder WP (*)‬,IS 15559,,Mandatory,ISI Mark (Scheme I),List of Products Under Simplified Procedure,https://www.bis.gov.in/wp-content/uploads/2024/11/List-of-Products-Under-Simplified-Procedure.pdf,
‭Polyester Strapping (*)‬,IS 11673 (Part 2),,Mandatory,ISI Mark (Scheme I),List of Products Under Simplified Procedure,https://www.bis.gov.in/wp-content/uploads/2024/11/List-of-Products-Under-Simplified-Procedure.pdf,
‭Sodium hypochlorite solution Part 2 Water treatment use (*)‬,IS 648,,Mandatory,ISI Mark (Scheme I),List of Products Under Simplified Procedure,https://www.bis.gov.in/wp-content/uploads/2024/11/List-of-Products-Under-Simplified-Procedure.pdf,
‭Cold rolled non-oriented electrical steel sheet and strip - Fully processed type (*)‬,IS 13382,,Mandatory,ISI Mark (Scheme I),List of Products Under Simplified Procedure,https://www.bis.gov.in/wp-content/uploads/2024/11/List-of-Products-Under-Simplified-Procedure.pdf,
"‭water, gas and sewage (*)‬",IS 44,,Mandatory,ISI Mark (Scheme I),List of Products Under Simplified Procedure,https://www.bis.gov.in/wp-content/uploads/2024/11/List-of-Products-Under-Simplified-Procedure.pdf,
‭Iron Oxide Pigments for Paints (*)‬,IS 920,,Mandatory,ISI Mark (Scheme I),List of Products Under Simplified Procedure,https://www.bis.gov.in/wp-content/uploads/2024/11/List-of-Products-Under-Simplified-Procedure.pdf,
‭Common Salt and Cattle Licks for Animal Consumption (*)‬,IS 12751,,Mandatory,ISI Mark (Scheme I),List of Products Under Simplified Procedure,https://www.bis.gov.in/wp-content/uploads/2024/11/List-of-Products-Under-Simplified-Procedure.pdf,
‭Pesticides - Pendimethalin EC (*)‬,IS 14928,,Mandatory,ISI Mark (Scheme I),List of Products Under Simplified Procedure,https://www.bis.gov.in/wp-content/uploads/2024/11/List-of-Products-Under-Simplified-Procedure.pdf,
‭Textiles - Composite Synthetic Fibre Ropes (*)‬,IS 5852 (Part 1),,Mandatory,ISI Mark (Scheme I),List of Products Under Simplified Procedure,https://www.bis.gov.in/wp-content/uploads/2024/11/List-of-Products-Under-Simplified-Procedure.pdf,
‭Toe caps for protection of feet - Part 1 Metallic toe caps (*)‬,IS 1536,,Mandatory,ISI Mark (Scheme I),List of Products Under Simplified Procedure,https://www.bis.gov.in/wp-content/uploads/2024/11/List-of-Products-Under-Simplified-Procedure.pdf,
"‭Centrifugally cast (spun) iron pressure pipes for water, gas and sewage (*)‬",IS 5489,,Mandatory,ISI Mark (Scheme I),List of Products Under Simplified Procedure,https://www.bis.gov.in/wp-content/uploads/2024/11/List-of-Products-Under-Simplified-Procedure.pdf,
‭Carburising Steels for use in bearing industry (*)‬,IS 16131,,Mandatory,ISI Mark (Scheme I),List of Products Under Simplified Procedure,https://www.bis.gov.in/wp-content/uploads/2024/11/List-of-Products-Under-Simplified-Procedure.pdf,
‭Imidacloprid Suspension Concentrate (SC) (*)‬,IS 8183,,Mandatory,ISI Mark (Scheme I),List of Products Under Simplified Procedure,https://www.bis.gov.in/wp-content/uploads/2024/11/List-of-Products-Under-Simplified-Procedure.pdf,
‭Bonded mineral wool (*)‬,IS 18340,,Mandatory,ISI Mark (Scheme I),List of Products Under Simplified Procedure,https://www.bis.gov.in/wp-content/uploads/2024/11/List-of-Products-Under-Simplified-Procedure.pdf,
‭Vinyl Sulphone (*)‬,IS 14724,,Mandatory,ISI Mark (Scheme I),List of Products Under Simplified Procedure,https://www.bis.gov.in/wp-content/uploads/2024/11/List-of-Products-Under-Simplified-Procedure.pdf,
‭Water Purifiers with Ultra-violet Disinfection (*)‬,IS 3903,,Mandatory,ISI Mark (Scheme I),List of Products Under Simplified Procedure,https://www.bis.gov.in/wp-content/uploads/2024/11/List-of-Products-Under-Simplified-Procedure.pdf,
‭Dimethoate Emulsifiable Concentrates (*)‬,IS 5517,,Mandatory,ISI Mark (Scheme I),List of Products Under Simplified Procedure,https://www.bis.gov.in/wp-content/uploads/2024/11/List-of-Products-Under-Simplified-Procedure.pdf,
‭Steels for Hardening and Tempering (*)‬,IS 15335,,Mandatory,ISI Mark (Scheme I),List of Products Under Simplified Procedure,https://www.bis.gov.in/wp-content/uploads/2024/11/List-of-Products-Under-Simplified-Procedure.pdf,
‭Imidacloprid SL (*)‬,IS 16362,,Mandatory,ISI Mark (Scheme I),List of Products Under Simplified Procedure,https://www.bis.gov.in/wp-content/uploads/2024/11/List-of-Products-Under-Simplified-Procedure.pdf,
"‭stabilization, filtration and erosion control (in hard armor systems) applications (*)‬",IS 9612,,Mandatory,ISI Mark (Scheme I),List of Products Under Simplified Procedure,https://www.bis.gov.in/wp-content/uploads/2024/11/List-of-Products-Under-Simplified-Procedure.pdf,
‭Aluminium tubes for refrigeration purposes (*)‬,IS 17513,,Mandatory,ISI Mark (Scheme I),List of Products Under Simplified Procedure,https://www.bis.gov.in/wp-content/uploads/2024/11/List-of-Products-Under-Simplified-Procedure.pdf,
‭Agro Textiles -  Plant Support Nets for Agriculture and Horticulture Purposes (*)‬,IS 15979,,Mandatory,ISI Mark (Scheme I),List of Products Under Simplified Procedure,https://www.bis.gov.in/wp-content/uploads/2024/11/List-of-Products-Under-Simplified-Procedure.pdf,
"‭Cyphenothrin, EC (*)‬",IS 17787,,Mandatory,ISI Mark (Scheme I),List of Products Under Simplified Procedure,https://www.bis.gov.in/wp-content/uploads/2024/11/List-of-Products-Under-Simplified-Procedure.pdf,
‭Medical Textiles  Nonwoven Wipes (*)‬,IS 3521 (Part 2),,Mandatory,ISI Mark (Scheme I),List of Products Under Simplified Procedure,https://www.bis.gov.in/wp-content/uploads/2024/11/List-of-Products-Under-Simplified-Procedure.pdf,
‭Personal Fall Arrest Systems - Part 2 Lanyards and Energy Absorbers (*)‬,IS 5518,,Mandatory,ISI Mark (Scheme I),List of Products Under Simplified Procedure,https://www.bis.gov.in/wp-content/uploads/2024/11/List-of-Products-Under-Simplified-Procedure.pdf,
‭Steels for die blocks for drop forging (*)‬,IS 9825,,Mandatory,ISI Mark (Scheme I),List of Products Under Simplified Procedure,https://www.bis.gov.in/wp-content/uploads/2024/11/List-of-Products-Under-Simplified-Procedure.pdf,
‭Chlorine Tablets (*)‬,IS 14158,,Mandatory,ISI Mark (Scheme I),List of Products Under Simplified Procedure,https://www.bis.gov.in/wp-content/uploads/2024/11/List-of-Products-Under-Simplified-Procedure.pdf,
‭Cyfluthrin WP (*)‬,IS 11996,,Mandatory,ISI Mark (Scheme I),List of Products Under Simplified Procedure,https://www.bis.gov.in/wp-content/uploads/2024/11/List-of-Products-Under-Simplified-Procedure.pdf,
‭Deltamethrin EC (*)‬,IS 164,,Mandatory,ISI Mark (Scheme I),List of Products Under Simplified Procedure,https://www.bis.gov.in/wp-content/uploads/2024/11/List-of-Products-Under-Simplified-Procedure.pdf,
[Page 31],IS 1746,,Mandatory,ISI Mark (Scheme I),List of Products Under Simplified Procedure,https://www.bis.gov.in/wp-content/uploads/2024/11/List-of-Products-Under-Simplified-Procedure.pdf,
"‭Shoe polish, paste (*)‬",IS 177,,Mandatory,ISI Mark (Scheme I),List of Products Under Simplified Procedure,https://www.bis.gov.in/wp-content/uploads/2024/11/List-of-Products-Under-Simplified-Procedure.pdf,
‭Cotton Drills (*)‬,IS 17880,,Mandatory,ISI Mark (Scheme I),List of Products Under Simplified Procedure,https://www.bis.gov.in/wp-content/uploads/2024/11/List-of-Products-Under-Simplified-Procedure.pdf,
‭Geosynthetics - Polymer Gabions for Coastal and Waterways Protection (*)‬,IS 9360,,Mandatory,ISI Mark (Scheme I),List of Products Under Simplified Procedure,https://www.bis.gov.in/wp-content/uploads/2024/11/List-of-Products-Under-Simplified-Procedure.pdf,
"‭Carbofuran granules, encapsulated (*)‬",IS 15182,,Mandatory,ISI Mark (Scheme I),List of Products Under Simplified Procedure,https://www.bis.gov.in/wp-content/uploads/2024/11/List-of-Products-Under-Simplified-Procedure.pdf,
‭Propiconazole EC (*)‬,IS 10212 (Part 1),,Mandatory,ISI Mark (Scheme I),List of Products Under Simplified Procedure,https://www.bis.gov.in/wp-content/uploads/2024/11/List-of-Products-Under-Simplified-Procedure.pdf,
‭1061‬ ‭IS 10212 (Part 1)‬ ‭General requirements for packages of explosives Part 1 Commercial high explosives (*)‬,IS 11066,,Mandatory,ISI Mark (Scheme I),List of Products Under Simplified Procedure,https://www.bis.gov.in/wp-content/uploads/2024/11/List-of-Products-Under-Simplified-Procedure.pdf,
‭Fibre ropes  - Polyester  3- 4- 8- and 12- strand ropes (*)‬,IS 1170,,Mandatory,ISI Mark (Scheme I),List of Products Under Simplified Procedure,https://www.bis.gov.in/wp-content/uploads/2024/11/List-of-Products-Under-Simplified-Procedure.pdf,
‭Ferrochromium (*)‬,IS 6803,,Mandatory,ISI Mark (Scheme I),List of Products Under Simplified Procedure,https://www.bis.gov.in/wp-content/uploads/2024/11/List-of-Products-Under-Simplified-Procedure.pdf,
‭Special Proofed Canvas and Duck (*)‬,IS 869,,Mandatory,ISI Mark (Scheme I),List of Products Under Simplified Procedure,https://www.bis.gov.in/wp-content/uploads/2024/11/List-of-Products-Under-Simplified-Procedure.pdf,
‭Ethylene Dichloride (*)‬,IS 15073 (Part 2),,Mandatory,ISI Mark (Scheme I),List of Products Under Simplified Procedure,https://www.bis.gov.in/wp-content/uploads/2024/11/List-of-Products-Under-Simplified-Procedure.pdf,
‭Packaging of electric detonator - Part 2 Corrugated fibreboard cases (*)‬,IS 4588,,Mandatory,ISI Mark (Scheme I),List of Products Under Simplified Procedure,https://www.bis.gov.in/wp-content/uploads/2024/11/List-of-Products-Under-Simplified-Procedure.pdf,
"‭Rubber, Raw, Natural (*)‬",IS 1827,,Mandatory,ISI Mark (Scheme I),List of Products Under Simplified Procedure,https://www.bis.gov.in/wp-content/uploads/2024/11/List-of-Products-Under-Simplified-Procedure.pdf,
"‭Pesticides - Dimethyl Amine SL Salts of 2, 4-D (*)‬",IS 5149,,Mandatory,ISI Mark (Scheme I),List of Products Under Simplified Procedure,https://www.bis.gov.in/wp-content/uploads/2024/11/List-of-Products-Under-Simplified-Procedure.pdf,
"‭Maleic Anhydride, Technical (*)‬",IS 7814,,Mandatory,ISI Mark (Scheme I),List of Products Under Simplified Procedure,https://www.bis.gov.in/wp-content/uploads/2024/11/List-of-Products-Under-Simplified-Procedure.pdf,
"‭Phosphor bronze sheet, strip and Foil (*)‬",IS 8698,,Mandatory,ISI Mark (Scheme I),List of Products Under Simplified Procedure,https://www.bis.gov.in/wp-content/uploads/2024/11/List-of-Products-Under-Simplified-Procedure.pdf,
‭Expanded Vinyl Coated Fabrics (*)‬,IS 1065 (Part 1),,Mandatory,ISI Mark (Scheme I),List of Products Under Simplified Procedure,https://www.bis.gov.in/wp-content/uploads/2024/11/List-of-Products-Under-Simplified-Procedure.pdf,
‭Stable bleaching powder - Part 1 Household and industrial use (*)‬,IS 5872,,Mandatory,ISI Mark (Scheme I),List of Products Under Simplified Procedure,https://www.bis.gov.in/wp-content/uploads/2024/11/List-of-Products-Under-Simplified-Procedure.pdf,
‭Steel strapping for packaging (*)‬,IS 7867,,Mandatory,ISI Mark (Scheme I),List of Products Under Simplified Procedure,https://www.bis.gov.in/wp-content/uploads/2024/11/List-of-Products-Under-Simplified-Procedure.pdf,
‭Textiles - Continuous Filament Polyamide (Nylon 6) Yarn (*)‬,IS 5487,,Mandatory,ISI Mark (Scheme I),List of Products Under Simplified Procedure,https://www.bis.gov.in/wp-content/uploads/2024/11/List-of-Products-Under-Simplified-Procedure.pdf,
"‭Metal Polish, Liquid (*)‬",IS 10170,,Mandatory,ISI Mark (Scheme I),List of Products Under Simplified Procedure,https://www.bis.gov.in/wp-content/uploads/2024/11/List-of-Products-Under-Simplified-Procedure.pdf,
‭Byproduct Gypsum (*)‬,IS 9862,,Mandatory,ISI Mark (Scheme I),List of Products Under Simplified Procedure,https://www.bis.gov.in/wp-content/uploads/2024/11/List-of-Products-Under-Simplified-Procedure.pdf,
‭chlorine resisting (*)‬,IS 14855 (Part 1),,Mandatory,ISI Mark (Scheme I),List of Products Under Simplified Procedure,https://www.bis.gov.in/wp-content/uploads/2024/11/List-of-Products-Under-Simplified-Procedure.pdf,
‭Pulse-Jet-Type Thermal Fogger (*)‬,IS 17450,,Mandatory,ISI Mark (Scheme I),List of Products Under Simplified Procedure,https://www.bis.gov.in/wp-content/uploads/2024/11/List-of-Products-Under-Simplified-Procedure.pdf,
"‭1,3 Phenylenediamine  (*)‬",IS 411,,Mandatory,ISI Mark (Scheme I),List of Products Under Simplified Procedure,https://www.bis.gov.in/wp-content/uploads/2024/11/List-of-Products-Under-Simplified-Procedure.pdf,
"‭Titanium dioxide, anatase, for paints (*)‬",IS 12744,,Mandatory,ISI Mark (Scheme I),List of Products Under Simplified Procedure,https://www.bis.gov.in/wp-content/uploads/2024/11/List-of-Products-Under-Simplified-Procedure.pdf,
"‭Ready Mixed Paint, Air Drying, Red Oxide - Zinc Phosphate, Priming (*)‬",IS 14709,,Mandatory,ISI Mark (Scheme I),List of Products Under Simplified Procedure,https://www.bis.gov.in/wp-content/uploads/2024/11/List-of-Products-Under-Simplified-Procedure.pdf,
‭N-Butyl acrylate (*)‬,IS 8391 (Part 3),,Mandatory,ISI Mark (Scheme I),List of Products Under Simplified Procedure,https://www.bis.gov.in/wp-content/uploads/2024/11/List-of-Products-Under-Simplified-Procedure.pdf,
‭Rubberized coir sheets for cushioning - Part 3 Sandwiched (*)‬,IS 16627,,Mandatory,ISI Mark (Scheme I),List of Products Under Simplified Procedure,https://www.bis.gov.in/wp-content/uploads/2024/11/List-of-Products-Under-Simplified-Procedure.pdf,
‭in mains and submains of drip irrigation system (*)‬,IS 3450,,Mandatory,ISI Mark (Scheme I),List of Products Under Simplified Procedure,https://www.bis.gov.in/wp-content/uploads/2024/11/List-of-Products-Under-Simplified-Procedure.pdf,
"‭Carbon Papers, Handwriting (*)‬",IS 15391,,Mandatory,ISI Mark (Scheme I),List of Products Under Simplified Procedure,https://www.bis.gov.in/wp-content/uploads/2024/11/List-of-Products-Under-Simplified-Procedure.pdf,
‭Cold Rolled Non-Oriented Electrical Steel Sheet and Strip - Semi-Processed Type (*)‬,IS 14605,,Mandatory,ISI Mark (Scheme I),List of Products Under Simplified Procedure,https://www.bis.gov.in/wp-content/uploads/2024/11/List-of-Products-Under-Simplified-Procedure.pdf,
‭Irrigation Equipment - Micro Sprayer (*)‬,IS 15462,,Mandatory,ISI Mark (Scheme I),List of Products Under Simplified Procedure,https://www.bis.gov.in/wp-content/uploads/2024/11/List-of-Products-Under-Simplified-Procedure.pdf,
